id_vehicule,emission_moyenne_CO2
1943,422.87001362397825
1770,422.87001362397825
1761,422.87001362397825
1678,422.87001362397825
1651,422.87001362397825
1552,422.87001362397825
1414,422.87001362397825
1409,422.87001362397825
1378,422.87001362397825
1340,422.87001362397825
1105,422.87001362397825
1069,422.87001362397825
840,422.87001362397825
821,422.87001362397825
682,422.87001362397825
645,422.87001362397825
630,422.87001362397825
508,422.87001362397825
446,422.87001362397825
435,422.87001362397825
289,422.87001362397825
258,422.87001362397825
231,422.87001362397825
222,422.87001362397825
180,422.87001362397825
95,422.87001362397825
1902,422.85672945205476
1887,422.85672945205476
1855,422.85672945205476
1816,422.85672945205476
1652,422.85672945205476
1645,422.85672945205476
1599,422.85672945205476
1320,422.85672945205476
1294,422.85672945205476
1244,422.85672945205476
1179,422.85672945205476
1158,422.85672945205476
985,422.85672945205476
841,422.85672945205476
640,422.85672945205476
520,422.85672945205476
297,422.85672945205476
276,422.85672945205476
137,422.85672945205476
29,422.85672945205476
1982,422.7606472795497
1745,422.7606472795497
1709,422.7606472795497
1682,422.7606472795497
1614,422.7606472795497
1520,422.7606472795497
1291,422.7606472795497
1002,422.7606472795497
988,422.7606472795497
818,422.7606472795497
782,422.7606472795497
704,422.7606472795497
629,422.7606472795497
367,422.7606472795497
227,422.7606472795497
99,422.7606472795497
90,422.7606472795497
42,422.7606472795497
1856,422.6904369747899
1593,422.6904369747899
1448,422.6904369747899
1176,422.6904369747899
1174,422.6904369747899
1019,422.6904369747899
873,422.6904369747899
259,422.6904369747899
34,422.6904369747899
7,422.6904369747899
1835,422.55811616954475
1798,422.55811616954475
1785,422.55811616954475
1721,422.55811616954475
1648,422.55811616954475
1499,422.55811616954475
1387,422.55811616954475
1345,422.55811616954475
1330,422.55811616954475
1317,422.55811616954475
1131,422.55811616954475
1118,422.55811616954475
1097,422.55811616954475
563,422.55811616954475
379,422.55811616954475
375,422.55811616954475
357,422.55811616954475
203,422.55811616954475
184,422.55811616954475
172,422.55811616954475
50,422.55811616954475
1990,422.5241320754717
1986,422.5241320754717
1891,422.5241320754717
1723,422.5241320754717
1374,422.5241320754717
1157,422.5241320754717
1067,422.5241320754717
1062,422.5241320754717
1030,422.5241320754717
973,422.5241320754717
942,422.5241320754717
805,422.5241320754717
777,422.5241320754717
627,422.5241320754717
568,422.5241320754717
566,422.5241320754717
397,422.5241320754717
254,422.5241320754717
248,422.5241320754717
15,422.5241320754717
1996,422.3310551948052
1929,422.3310551948052
1621,422.3310551948052
1569,422.3310551948052
1372,422.3310551948052
1318,422.3310551948052
1286,422.3310551948052
1163,422.3310551948052
1041,422.3310551948052
1037,422.3310551948052
992,422.3310551948052
941,422.3310551948052
659,422.3310551948052
624,422.3310551948052
501,422.3310551948052
494,422.3310551948052
320,422.3310551948052
290,422.3310551948052
252,422.3310551948052
1964,422.289266802444
1959,422.289266802444
1884,422.289266802444
1751,422.289266802444
1455,422.289266802444
1411,422.289266802444
1375,422.289266802444
1301,422.289266802444
1269,422.289266802444
1166,422.289266802444
972,422.289266802444
884,422.289266802444
824,422.289266802444
792,422.289266802444
742,422.289266802444
652,422.289266802444
641,422.289266802444
546,422.289266802444
1968,422.2528547854786
1937,422.2528547854786
1818,422.2528547854786
1794,422.2528547854786
1583,422.2528547854786
1508,422.2528547854786
1333,422.2528547854786
1332,422.2528547854786
1234,422.2528547854786
1144,422.2528547854786
1130,422.2528547854786
1078,422.2528547854786
975,422.2528547854786
761,422.2528547854786
744,422.2528547854786
696,422.2528547854786
665,422.2528547854786
599,422.2528547854786
547,422.2528547854786
497,422.2528547854786
493,422.2528547854786
416,422.2528547854786
384,422.2528547854786
247,422.2528547854786
161,422.2528547854786
1833,422.2223006134969
1786,422.2223006134969
1671,422.2223006134969
1630,422.2223006134969
1478,422.2223006134969
1412,422.2223006134969
1377,422.2223006134969
1376,422.2223006134969
1267,422.2223006134969
1223,422.2223006134969
965,422.2223006134969
888,422.2223006134969
730,422.2223006134969
713,422.2223006134969
685,422.2223006134969
612,422.2223006134969
533,422.2223006134969
500,422.2223006134969
130,422.2223006134969
35,422.2223006134969
1999,422.0762877871826
1824,422.0762877871826
1755,422.0762877871826
1748,422.0762877871826
1719,422.0762877871826
1667,422.0762877871826
1445,422.0762877871826
1415,422.0762877871826
1331,422.0762877871826
1268,422.0762877871826
1074,422.0762877871826
1006,422.0762877871826
1003,422.0762877871826
925,422.0762877871826
542,422.0762877871826
517,422.0762877871826
489,422.0762877871826
147,422.0762877871826
4,422.0762877871826
1906,421.89889285714287
1886,421.89889285714287
1708,421.89889285714287
1681,421.89889285714287
1670,421.89889285714287
1646,421.89889285714287
1407,421.89889285714287
1222,421.89889285714287
819,421.89889285714287
766,421.89889285714287
620,421.89889285714287
564,421.89889285714287
468,421.89889285714287
441,421.89889285714287
423,421.89889285714287
385,421.89889285714287
114,421.89889285714287
60,421.89889285714287
1912,421.88445768772345
1504,421.88445768772345
1282,421.88445768772345
1263,421.88445768772345
1193,421.88445768772345
903,421.88445768772345
758,421.88445768772345
670,421.88445768772345
504,421.88445768772345
448,421.88445768772345
432,421.88445768772345
422,421.88445768772345
331,421.88445768772345
321,421.88445768772345
315,421.88445768772345
205,421.88445768772345
169,421.88445768772345
61,421.88445768772345
24,421.88445768772345
1724,421.82699233716477
1170,421.82699233716477
940,421.82699233716477
664,421.82699233716477
653,421.82699233716477
575,421.82699233716477
372,421.82699233716477
335,421.82699233716477
195,421.82699233716477
142,421.82699233716477
48,421.82699233716477
28,421.82699233716477
1608,421.8039859437751
1568,421.8039859437751
1565,421.8039859437751
1323,421.8039859437751
1262,421.8039859437751
1260,421.8039859437751
1212,421.8039859437751
1007,421.8039859437751
835,421.8039859437751
825,421.8039859437751
814,421.8039859437751
780,421.8039859437751
697,421.8039859437751
606,421.8039859437751
601,421.8039859437751
392,421.8039859437751
355,421.8039859437751
343,421.8039859437751
278,421.8039859437751
166,421.8039859437751
1970,421.7245025510204
1911,421.7245025510204
1793,421.7245025510204
1389,421.7245025510204
1306,421.7245025510204
1246,421.7245025510204
1230,421.7245025510204
1087,421.7245025510204
1015,421.7245025510204
945,421.7245025510204
837,421.7245025510204
807,421.7245025510204
775,421.7245025510204
753,421.7245025510204
749,421.7245025510204
532,421.7245025510204
360,421.7245025510204
230,421.7245025510204
209,421.7245025510204
1973,421.6367924528302
1930,421.6367924528302
1904,421.6367924528302
1898,421.6367924528302
1890,421.6367924528302
1880,421.6367924528302
1826,421.6367924528302
1699,421.6367924528302
1457,421.6367924528302
1319,421.6367924528302
1288,421.6367924528302
1085,421.6367924528302
1013,421.6367924528302
908,421.6367924528302
736,421.6367924528302
499,421.6367924528302
378,421.6367924528302
151,421.6367924528302
108,421.6367924528302
97,421.6367924528302
39,421.6367924528302
20,421.6367924528302
1843,421.5792307692308
1828,421.5792307692308
1672,421.5792307692308
1561,421.5792307692308
1547,421.5792307692308
1510,421.5792307692308
1501,421.5792307692308
1419,421.5792307692308
1354,421.5792307692308
1287,421.5792307692308
1110,421.5792307692308
993,421.5792307692308
828,421.5792307692308
694,421.5792307692308
693,421.5792307692308
496,421.5792307692308
461,421.5792307692308
395,421.5792307692308
382,421.5792307692308
316,421.5792307692308
241,421.5792307692308
121,421.5792307692308
89,421.5792307692308
55,421.5792307692308
1769,421.5647348484848
1712,421.5647348484848
1567,421.5647348484848
1521,421.5647348484848
1516,421.5647348484848
1453,421.5647348484848
1418,421.5647348484848
1371,421.5647348484848
1359,421.5647348484848
1349,421.5647348484848
1328,421.5647348484848
1161,421.5647348484848
1064,421.5647348484848
1056,421.5647348484848
1008,421.5647348484848
793,421.5647348484848
779,421.5647348484848
760,421.5647348484848
756,421.5647348484848
692,421.5647348484848
661,421.5647348484848
614,421.5647348484848
549,421.5647348484848
480,421.5647348484848
469,421.5647348484848
277,421.5647348484848
192,421.5647348484848
174,421.5647348484848
162,421.5647348484848
85,421.5647348484848
1947,421.3833639947437
1905,421.3833639947437
1870,421.3833639947437
1858,421.3833639947437
1845,421.3833639947437
1750,421.3833639947437
1688,421.3833639947437
1661,421.3833639947437
1579,421.3833639947437
1512,421.3833639947437
1497,421.3833639947437
1442,421.3833639947437
1120,421.3833639947437
1061,421.3833639947437
976,421.3833639947437
947,421.3833639947437
834,421.3833639947437
772,421.3833639947437
725,421.3833639947437
565,421.3833639947437
555,421.3833639947437
540,421.3833639947437
505,421.3833639947437
208,421.3833639947437
1768,421.38309734513274
1715,421.38309734513274
1474,421.38309734513274
1449,421.38309734513274
1421,421.38309734513274
1313,421.38309734513274
1259,421.38309734513274
1233,421.38309734513274
1063,421.38309734513274
910,421.38309734513274
796,421.38309734513274
586,421.38309734513274
536,421.38309734513274
464,421.38309734513274
434,421.38309734513274
400,421.38309734513274
393,421.38309734513274
272,421.38309734513274
191,421.38309734513274
115,421.38309734513274
49,421.38309734513274
2,421.38309734513274
1928,421.3098773006135
1881,421.3098773006135
1820,421.3098773006135
1789,421.3098773006135
1765,421.3098773006135
1692,421.3098773006135
1622,421.3098773006135
1618,421.3098773006135
1594,421.3098773006135
1487,421.3098773006135
1439,421.3098773006135
1343,421.3098773006135
1265,421.3098773006135
1242,421.3098773006135
1188,421.3098773006135
895,421.3098773006135
860,421.3098773006135
856,421.3098773006135
684,421.3098773006135
485,421.3098773006135
426,421.3098773006135
376,421.3098773006135
369,421.3098773006135
322,421.3098773006135
257,421.3098773006135
93,421.3098773006135
64,421.3098773006135
1872,421.28230443974627
1784,421.28230443974627
1738,421.28230443974627
1641,421.28230443974627
1629,421.28230443974627
1571,421.28230443974627
1491,421.28230443974627
1198,421.28230443974627
1106,421.28230443974627
909,421.28230443974627
823,421.28230443974627
673,421.28230443974627
632,421.28230443974627
498,421.28230443974627
391,421.28230443974627
102,421.28230443974627
84,421.28230443974627
1757,421.2416246851385
1610,421.2416246851385
1585,421.2416246851385
1451,421.2416246851385
1241,421.2416246851385
1184,421.2416246851385
1167,421.2416246851385
896,421.2416246851385
870,421.2416246851385
734,421.2416246851385
572,421.2416246851385
463,421.2416246851385
420,421.2416246851385
358,421.2416246851385
178,421.2416246851385
54,421.2416246851385
1788,421.24006640106245
1773,421.24006640106245
1691,421.24006640106245
1624,421.24006640106245
1470,421.24006640106245
1361,421.24006640106245
1356,421.24006640106245
1342,421.24006640106245
1308,421.24006640106245
1206,421.24006640106245
1138,421.24006640106245
979,421.24006640106245
918,421.24006640106245
900,421.24006640106245
843,421.24006640106245
535,421.24006640106245
478,421.24006640106245
371,421.24006640106245
1957,421.1664498644987
1948,421.1664498644987
1941,421.1664498644987
1752,421.1664498644987
1743,421.1664498644987
1729,421.1664498644987
1606,421.1664498644987
1502,421.1664498644987
1469,421.1664498644987
1336,421.1664498644987
1257,421.1664498644987
1217,421.1664498644987
1211,421.1664498644987
1134,421.1664498644987
1103,421.1664498644987
1102,421.1664498644987
868,421.1664498644987
800,421.1664498644987
738,421.1664498644987
593,421.1664498644987
492,421.1664498644987
421,421.1664498644987
338,421.1664498644987
337,421.1664498644987
295,421.1664498644987
1971,421.108547595682
1960,421.108547595682
1679,421.108547595682
1607,421.108547595682
1511,421.108547595682
1392,421.108547595682
1236,421.108547595682
1125,421.108547595682
1052,421.108547595682
994,421.108547595682
920,421.108547595682
798,421.108547595682
667,421.108547595682
666,421.108547595682
660,421.108547595682
459,421.108547595682
398,421.108547595682
327,421.108547595682
88,421.108547595682
59,421.108547595682
41,421.108547595682
1978,421.06052631578945
1632,421.06052631578945
1628,421.06052631578945
1602,421.06052631578945
1525,421.06052631578945
1219,421.06052631578945
1202,421.06052631578945
1033,421.06052631578945
906,421.06052631578945
848,421.06052631578945
838,421.06052631578945
733,421.06052631578945
722,421.06052631578945
687,421.06052631578945
472,421.06052631578945
465,421.06052631578945
262,421.06052631578945
128,421.06052631578945
51,421.06052631578945
14,421.06052631578945
1790,420.9850205761317
1720,420.9850205761317
1683,420.9850205761317
1416,420.9850205761317
1399,420.9850205761317
1148,420.9850205761317
1126,420.9850205761317
1095,420.9850205761317
1005,420.9850205761317
271,420.9850205761317
143,420.9850205761317
111,420.9850205761317
100,420.9850205761317
98,420.9850205761317
87,420.9850205761317
1998,420.9110780669145
1821,420.9110780669145
1726,420.9110780669145
1566,420.9110780669145
1551,420.9110780669145
1503,420.9110780669145
1441,420.9110780669145
1396,420.9110780669145
1076,420.9110780669145
1040,420.9110780669145
1022,420.9110780669145
995,420.9110780669145
628,420.9110780669145
587,420.9110780669145
477,420.9110780669145
457,420.9110780669145
450,420.9110780669145
406,420.9110780669145
135,420.9110780669145
1988,420.87712892741064
1865,420.87712892741064
1253,420.87712892741064
1243,420.87712892741064
1210,420.87712892741064
1203,420.87712892741064
1068,420.87712892741064
1039,420.87712892741064
996,420.87712892741064
932,420.87712892741064
913,420.87712892741064
830,420.87712892741064
551,420.87712892741064
514,420.87712892741064
394,420.87712892741064
328,420.87712892741064
193,420.87712892741064
127,420.87712892741064
8,420.87712892741064
1775,420.8495340501792
1733,420.8495340501792
1677,420.8495340501792
1653,420.8495340501792
1509,420.8495340501792
1322,420.8495340501792
1307,420.8495340501792
1090,420.8495340501792
958,420.8495340501792
808,420.8495340501792
752,420.8495340501792
703,420.8495340501792
553,420.8495340501792
537,420.8495340501792
455,420.8495340501792
354,420.8495340501792
332,420.8495340501792
280,420.8495340501792
275,420.8495340501792
181,420.8495340501792
156,420.8495340501792
139,420.8495340501792
21,420.8495340501792
1952,420.7834625788999
1950,420.7834625788999
1806,420.7834625788999
1795,420.7834625788999
1589,420.7834625788999
1456,420.7834625788999
1423,420.7834625788999
1379,420.7834625788999
1093,420.7834625788999
1060,420.7834625788999
1014,420.7834625788999
982,420.7834625788999
937,420.7834625788999
833,420.7834625788999
786,420.7834625788999
657,420.7834625788999
608,420.7834625788999
482,420.7834625788999
383,420.7834625788999
363,420.7834625788999
249,420.7834625788999
1837,420.70828413284136
1807,420.70828413284136
1737,420.70828413284136
1636,420.70828413284136
1611,420.70828413284136
1519,420.70828413284136
1498,420.70828413284136
1400,420.70828413284136
1348,420.70828413284136
1303,420.70828413284136
1285,420.70828413284136
1199,420.70828413284136
1172,420.70828413284136
1154,420.70828413284136
1124,420.70828413284136
950,420.70828413284136
891,420.70828413284136
820,420.70828413284136
668,420.70828413284136
577,420.70828413284136
474,420.70828413284136
431,420.70828413284136
207,420.70828413284136
68,420.70828413284136
44,420.70828413284136
1894,420.61657060518735
1877,420.61657060518735
1869,420.61657060518735
1804,420.61657060518735
1797,420.61657060518735
1760,420.61657060518735
1523,420.61657060518735
1383,420.61657060518735
1381,420.61657060518735
1299,420.61657060518735
1293,420.61657060518735
1221,420.61657060518735
1140,420.61657060518735
1135,420.61657060518735
1116,420.61657060518735
1004,420.61657060518735
986,420.61657060518735
952,420.61657060518735
923,420.61657060518735
776,420.61657060518735
755,420.61657060518735
683,420.61657060518735
267,420.61657060518735
190,420.61657060518735
126,420.61657060518735
1931,420.592
1736,420.592
1633,420.592
1617,420.592
1586,420.592
1553,420.592
1495,420.592
1428,420.592
1237,420.592
1169,420.592
1150,420.592
1024,420.592
943,420.592
916,420.592
893,420.592
794,420.592
743,420.592
724,420.592
698,420.592
635,420.592
583,420.592
573,420.592
458,420.592
442,420.592
388,420.592
91,420.592
1993,420.5825865580448
1972,420.5825865580448
1967,420.5825865580448
1883,420.5825865580448
1811,420.5825865580448
1727,420.5825865580448
1548,420.5825865580448
1429,420.5825865580448
1420,420.5825865580448
1351,420.5825865580448
1312,420.5825865580448
1273,420.5825865580448
1026,420.5825865580448
907,420.5825865580448
875,420.5825865580448
866,420.5825865580448
729,420.5825865580448
616,420.5825865580448
298,420.5825865580448
240,420.5825865580448
188,420.5825865580448
94,420.5825865580448
58,420.5825865580448
1975,420.58143962848294
1940,420.58143962848294
1753,420.58143962848294
1590,420.58143962848294
1563,420.58143962848294
1557,420.58143962848294
1530,420.58143962848294
1464,420.58143962848294
1247,420.58143962848294
1186,420.58143962848294
1168,420.58143962848294
826,420.58143962848294
737,420.58143962848294
727,420.58143962848294
521,420.58143962848294
454,420.58143962848294
264,420.58143962848294
255,420.58143962848294
158,420.58143962848294
124,420.58143962848294
107,420.58143962848294
86,420.58143962848294
1961,420.4816685714286
1832,420.4816685714286
1813,420.4816685714286
1694,420.4816685714286
1528,420.4816685714286
1403,420.4816685714286
1200,420.4816685714286
1088,420.4816685714286
1086,420.4816685714286
1084,420.4816685714286
989,420.4816685714286
912,420.4816685714286
285,420.4816685714286
283,420.4816685714286
183,420.4816685714286
76,420.4816685714286
45,420.4816685714286
1831,420.4729892141756
1808,420.4729892141756
1749,420.4729892141756
1514,420.4729892141756
1500,420.4729892141756
1479,420.4729892141756
1454,420.4729892141756
1424,420.4729892141756
1404,420.4729892141756
1214,420.4729892141756
1201,420.4729892141756
1152,420.4729892141756
1054,420.4729892141756
1031,420.4729892141756
934,420.4729892141756
871,420.4729892141756
815,420.4729892141756
483,420.4729892141756
404,420.4729892141756
265,420.4729892141756
232,420.4729892141756
201,420.4729892141756
187,420.4729892141756
176,420.4729892141756
157,420.4729892141756
17,420.4729892141756
1983,420.4726322580645
1944,420.4726322580645
1802,420.4726322580645
1787,420.4726322580645
1432,420.4726322580645
1364,420.4726322580645
1362,420.4726322580645
1209,420.4726322580645
1189,420.4726322580645
650,420.4726322580645
386,420.4726322580645
296,420.4726322580645
242,420.4726322580645
109,420.4726322580645
56,420.4726322580645
37,420.4726322580645
1903,420.4533590733591
1637,420.4533590733591
1623,420.4533590733591
1564,420.4533590733591
1494,420.4533590733591
1486,420.4533590733591
1382,420.4533590733591
1295,420.4533590733591
1183,420.4533590733591
861,420.4533590733591
849,420.4533590733591
836,420.4533590733591
750,420.4533590733591
387,420.4533590733591
347,420.4533590733591
217,420.4533590733591
1951,420.34975609756094
1889,420.34975609756094
1673,420.34975609756094
1515,420.34975609756094
1467,420.34975609756094
1431,420.34975609756094
1146,420.34975609756094
968,420.34975609756094
928,420.34975609756094
902,420.34975609756094
631,420.34975609756094
574,420.34975609756094
361,420.34975609756094
266,420.34975609756094
173,420.34975609756094
96,420.34975609756094
57,420.34975609756094
1953,420.342534562212
1686,420.342534562212
1660,420.342534562212
1656,420.342534562212
1643,420.342534562212
1483,420.342534562212
1463,420.342534562212
1369,420.342534562212
1335,420.342534562212
1316,420.342534562212
1101,420.342534562212
1058,420.342534562212
1032,420.342534562212
864,420.342534562212
804,420.342534562212
774,420.342534562212
721,420.342534562212
646,420.342534562212
623,420.342534562212
607,420.342534562212
460,420.342534562212
413,420.342534562212
356,420.342534562212
312,420.342534562212
33,420.342534562212
1875,420.28697547683925
1762,420.28697547683925
1730,420.28697547683925
1582,420.28697547683925
1388,420.28697547683925
1367,420.28697547683925
1334,420.28697547683925
1283,420.28697547683925
1227,420.28697547683925
1216,420.28697547683925
1137,420.28697547683925
963,420.28697547683925
882,420.28697547683925
762,420.28697547683925
626,420.28697547683925
618,420.28697547683925
589,420.28697547683925
529,420.28697547683925
467,420.28697547683925
447,420.28697547683925
352,420.28697547683925
348,420.28697547683925
62,420.28697547683925
32,420.28697547683925
1844,420.23992317541615
1803,420.23992317541615
1742,420.23992317541615
1663,420.23992317541615
1556,420.23992317541615
1543,420.23992317541615
1459,420.23992317541615
1440,420.23992317541615
1153,420.23992317541615
997,420.23992317541615
732,420.23992317541615
717,420.23992317541615
672,420.23992317541615
605,420.23992317541615
543,420.23992317541615
513,420.23992317541615
466,420.23992317541615
389,420.23992317541615
234,420.23992317541615
194,420.23992317541615
129,420.23992317541615
67,420.23992317541615
1591,420.20198300283283
1554,420.20198300283283
1208,420.20198300283283
1194,420.20198300283283
1077,420.20198300283283
1057,420.20198300283283
1055,420.20198300283283
810,420.20198300283283
690,420.20198300283283
557,420.20198300283283
518,420.20198300283283
462,420.20198300283283
253,420.20198300283283
196,420.20198300283283
1949,420.16370370370373
1830,420.16370370370373
1725,420.16370370370373
1716,420.16370370370373
1698,420.16370370370373
1684,420.16370370370373
1680,420.16370370370373
1631,420.16370370370373
1119,420.16370370370373
1079,420.16370370370373
956,420.16370370370373
708,420.16370370370373
655,420.16370370370373
558,420.16370370370373
556,420.16370370370373
439,420.16370370370373
344,420.16370370370373
273,420.16370370370373
243,420.16370370370373
75,420.16370370370373
1919,420.0648012718601
1759,420.0648012718601
1758,420.0648012718601
1615,420.0648012718601
1603,420.0648012718601
1531,420.0648012718601
1314,420.0648012718601
1252,420.0648012718601
1205,420.0648012718601
1155,420.0648012718601
1096,420.0648012718601
970,420.0648012718601
822,420.0648012718601
764,420.0648012718601
691,420.0648012718601
579,420.0648012718601
571,420.0648012718601
527,420.0648012718601
510,420.0648012718601
414,420.0648012718601
373,420.0648012718601
368,420.0648012718601
314,420.0648012718601
270,420.0648012718601
220,420.0648012718601
125,420.0648012718601
31,420.0648012718601
1994,420.0196111111111
1728,420.0196111111111
1714,420.0196111111111
1710,420.0196111111111
1493,420.0196111111111
1393,420.0196111111111
1365,420.0196111111111
1264,420.0196111111111
1232,420.0196111111111
1192,420.0196111111111
1190,420.0196111111111
1136,420.0196111111111
1111,420.0196111111111
1011,420.0196111111111
969,420.0196111111111
919,420.0196111111111
716,420.0196111111111
639,420.0196111111111
598,420.0196111111111
545,420.0196111111111
366,420.0196111111111
345,420.0196111111111
317,420.0196111111111
292,420.0196111111111
291,420.0196111111111
269,420.0196111111111
1922,420.00151898734174
1867,420.00151898734174
1560,420.00151898734174
1544,420.00151898734174
1488,420.00151898734174
1224,420.00151898734174
899,420.00151898734174
784,420.00151898734174
747,420.00151898734174
728,420.00151898734174
726,420.00151898734174
700,420.00151898734174
663,420.00151898734174
512,420.00151898734174
487,420.00151898734174
148,420.00151898734174
82,420.00151898734174
80,420.00151898734174
47,420.00151898734174
46,420.00151898734174
1834,419.98011396011395
1825,419.98011396011395
1791,419.98011396011395
1747,419.98011396011395
1695,419.98011396011395
1635,419.98011396011395
1604,419.98011396011395
1562,419.98011396011395
1444,419.98011396011395
1357,419.98011396011395
1302,419.98011396011395
1220,419.98011396011395
1100,419.98011396011395
933,419.98011396011395
801,419.98011396011395
788,419.98011396011395
773,419.98011396011395
771,419.98011396011395
524,419.98011396011395
486,419.98011396011395
365,419.98011396011395
186,419.98011396011395
11,419.98011396011395
1946,419.81199835526314
1945,419.81199835526314
1817,419.81199835526314
1801,419.81199835526314
1771,419.81199835526314
1616,419.81199835526314
1433,419.81199835526314
1380,419.81199835526314
1360,419.81199835526314
1355,419.81199835526314
1133,419.81199835526314
915,419.81199835526314
689,419.81199835526314
622,419.81199835526314
418,419.81199835526314
250,419.81199835526314
152,419.81199835526314
25,419.81199835526314
1,419.81199835526314
1913,419.7949
1868,419.7949
1822,419.7949
1713,419.7949
1576,419.7949
1527,419.7949
1505,419.7949
1450,419.7949
1341,419.7949
1310,419.7949
1147,419.7949
1073,419.7949
922,419.7949
268,419.7949
238,419.7949
197,419.7949
103,419.7949
1805,419.76446979865773
1581,419.76446979865773
1477,419.76446979865773
1466,419.76446979865773
1353,419.76446979865773
905,419.76446979865773
644,419.76446979865773
580,419.76446979865773
538,419.76446979865773
452,419.76446979865773
429,419.76446979865773
350,419.76446979865773
340,419.76446979865773
309,419.76446979865773
288,419.76446979865773
286,419.76446979865773
279,419.76446979865773
216,419.76446979865773
215,419.76446979865773
170,419.76446979865773
146,419.76446979865773
1899,419.73376554174064
1705,419.73376554174064
1704,419.73376554174064
1668,419.73376554174064
1638,419.73376554174064
1605,419.73376554174064
1489,419.73376554174064
1182,419.73376554174064
1129,419.73376554174064
1098,419.73376554174064
1094,419.73376554174064
1038,419.73376554174064
1016,419.73376554174064
949,419.73376554174064
811,419.73376554174064
445,419.73376554174064
411,419.73376554174064
346,419.73376554174064
333,419.73376554174064
294,419.73376554174064
236,419.73376554174064
206,419.73376554174064
175,419.73376554174064
1866,419.7129188255613
1863,419.7129188255613
1649,419.7129188255613
852,419.7129188255613
741,419.7129188255613
611,419.7129188255613
526,419.7129188255613
310,419.7129188255613
287,419.7129188255613
221,419.7129188255613
200,419.7129188255613
78,419.7129188255613
23,419.7129188255613
10,419.7129188255613
1934,419.6641475095785
1921,419.6641475095785
1871,419.6641475095785
1644,419.6641475095785
1541,419.6641475095785
1434,419.6641475095785
1417,419.6641475095785
1344,419.6641475095785
1160,419.6641475095785
1156,419.6641475095785
1047,419.6641475095785
874,419.6641475095785
449,419.6641475095785
440,419.6641475095785
419,419.6641475095785
409,419.6641475095785
1962,419.6541951219512
1879,419.6541951219512
1394,419.6541951219512
1384,419.6541951219512
1218,419.6541951219512
1122,419.6541951219512
858,419.6541951219512
710,419.6541951219512
695,419.6541951219512
617,419.6541951219512
561,419.6541951219512
251,419.6541951219512
16,419.6541951219512
1969,419.6088987341773
1933,419.6088987341773
1853,419.6088987341773
1827,419.6088987341773
1402,419.6088987341773
1277,419.6088987341773
951,419.6088987341773
754,419.6088987341773
525,419.6088987341773
377,419.6088987341773
305,419.6088987341773
30,419.6088987341773
18,419.6088987341773
1935,419.5516009852217
1776,419.5516009852217
1647,419.5516009852217
1490,419.5516009852217
1481,419.5516009852217
1425,419.5516009852217
1229,419.5516009852217
1010,419.5516009852217
959,419.5516009852217
857,419.5516009852217
812,419.5516009852217
671,419.5516009852217
403,419.5516009852217
198,419.5516009852217
133,419.5516009852217
1666,419.53119940029984
1626,419.53119940029984
1550,419.53119940029984
1461,419.53119940029984
1352,419.53119940029984
1141,419.53119940029984
1089,419.53119940029984
1012,419.53119940029984
842,419.53119940029984
759,419.53119940029984
643,419.53119940029984
531,419.53119940029984
433,419.53119940029984
349,419.53119940029984
281,419.53119940029984
117,419.53119940029984
81,419.53119940029984
1819,419.4946529562982
1597,419.4946529562982
1595,419.4946529562982
1435,419.4946529562982
1368,419.4946529562982
1266,419.4946529562982
1034,419.4946529562982
938,419.4946529562982
863,419.4946529562982
797,419.4946529562982
642,419.4946529562982
495,419.4946529562982
71,419.4946529562982
1932,419.4801754385965
1897,419.4801754385965
1390,419.4801754385965
1245,419.4801754385965
1049,419.4801754385965
964,419.4801754385965
872,419.4801754385965
850,419.4801754385965
680,419.4801754385965
503,419.4801754385965
415,419.4801754385965
401,419.4801754385965
210,419.4801754385965
177,419.4801754385965
1938,419.37455950540965
1851,419.37455950540965
1767,419.37455950540965
1654,419.37455950540965
1492,419.37455950540965
1452,419.37455950540965
1289,419.37455950540965
1204,419.37455950540965
1191,419.37455950540965
1107,419.37455950540965
1075,419.37455950540965
1070,419.37455950540965
926,419.37455950540965
921,419.37455950540965
894,419.37455950540965
813,419.37455950540965
790,419.37455950540965
651,419.37455950540965
597,419.37455950540965
189,419.37455950540965
74,419.37455950540965
1910,419.3623266022827
1783,419.3623266022827
1689,419.3623266022827
1676,419.3623266022827
1662,419.3623266022827
1658,419.3623266022827
1405,419.3623266022827
1164,419.3623266022827
924,419.3623266022827
877,419.3623266022827
702,419.3623266022827
688,419.3623266022827
681,419.3623266022827
590,419.3623266022827
519,419.3623266022827
488,419.3623266022827
302,419.3623266022827
113,419.3623266022827
101,419.3623266022827
1991,419.3142141623489
1925,419.3142141623489
1909,419.3142141623489
1893,419.3142141623489
1814,419.3142141623489
1573,419.3142141623489
1339,419.3142141623489
1284,419.3142141623489
1249,419.3142141623489
1151,419.3142141623489
1115,419.3142141623489
1108,419.3142141623489
974,419.3142141623489
971,419.3142141623489
911,419.3142141623489
887,419.3142141623489
827,419.3142141623489
795,419.3142141623489
791,419.3142141623489
731,419.3142141623489
428,419.3142141623489
336,419.3142141623489
1995,419.29592896174864
1896,419.29592896174864
1800,419.29592896174864
1780,419.29592896174864
1740,419.29592896174864
1601,419.29592896174864
1518,419.29592896174864
1476,419.29592896174864
1385,419.29592896174864
1324,419.29592896174864
1231,419.29592896174864
1104,419.29592896174864
1027,419.29592896174864
892,419.29592896174864
880,419.29592896174864
785,419.29592896174864
748,419.29592896174864
709,419.29592896174864
656,419.29592896174864
609,419.29592896174864
596,419.29592896174864
506,419.29592896174864
491,419.29592896174864
246,419.29592896174864
1942,419.22746223564957
1908,419.22746223564957
1700,419.22746223564957
1406,419.22746223564957
1327,419.22746223564957
1185,419.22746223564957
983,419.22746223564957
901,419.22746223564957
865,419.22746223564957
862,419.22746223564957
633,419.22746223564957
604,419.22746223564957
592,419.22746223564957
576,419.22746223564957
430,419.22746223564957
260,419.22746223564957
229,419.22746223564957
1980,419.19060957910017
1777,419.19060957910017
1702,419.19060957910017
1533,419.19060957910017
1438,419.19060957910017
1401,419.19060957910017
1326,419.19060957910017
1225,419.19060957910017
1181,419.19060957910017
1132,419.19060957910017
1114,419.19060957910017
1109,419.19060957910017
1025,419.19060957910017
962,419.19060957910017
570,419.19060957910017
567,419.19060957910017
511,419.19060957910017
362,419.19060957910017
69,419.19060957910017
1977,419.185974025974
1885,419.185974025974
1829,419.185974025974
1792,419.185974025974
1640,419.185974025974
1596,419.185974025974
1536,419.185974025974
1430,419.185974025974
1391,419.185974025974
1121,419.185974025974
1083,419.185974025974
1044,419.185974025974
885,419.185974025974
851,419.185974025974
678,419.185974025974
581,419.185974025974
528,419.185974025974
515,419.185974025974
475,419.185974025974
399,419.185974025974
319,419.185974025974
226,419.185974025974
185,419.185974025974
165,419.185974025974
73,419.185974025974
66,419.185974025974
1936,419.1359170013387
1917,419.1359170013387
1841,419.1359170013387
1799,419.1359170013387
1782,419.1359170013387
1774,419.1359170013387
1537,419.1359170013387
1517,419.1359170013387
1325,419.1359170013387
960,419.1359170013387
957,419.1359170013387
954,419.1359170013387
944,419.1359170013387
935,419.1359170013387
898,419.1359170013387
832,419.1359170013387
712,419.1359170013387
638,419.1359170013387
595,419.1359170013387
443,419.1359170013387
436,419.1359170013387
402,419.1359170013387
359,419.1359170013387
306,419.1359170013387
228,419.1359170013387
77,419.1359170013387
1924,418.8558938547486
1810,418.8558938547486
1546,418.8558938547486
1437,418.8558938547486
1422,418.8558938547486
1386,418.8558938547486
1304,418.8558938547486
1279,418.8558938547486
1278,418.8558938547486
1123,418.8558938547486
765,418.8558938547486
669,418.8558938547486
637,418.8558938547486
509,418.8558938547486
313,418.8558938547486
245,418.8558938547486
106,418.8558938547486
70,418.8558938547486
19,418.8558938547486
1981,418.85557034220534
1850,418.85557034220534
1823,418.85557034220534
1778,418.85557034220534
1754,418.85557034220534
1718,418.85557034220534
1175,418.85557034220534
1171,418.85557034220534
1091,418.85557034220534
1018,418.85557034220534
948,418.85557034220534
931,418.85557034220534
854,418.85557034220534
714,418.85557034220534
711,418.85557034220534
600,418.85557034220534
578,418.85557034220534
239,418.85557034220534
202,418.85557034220534
149,418.85557034220534
63,418.85557034220534
1976,418.82658031088084
1939,418.82658031088084
1907,418.82658031088084
1836,418.82658031088084
1545,418.82658031088084
1480,418.82658031088084
1309,418.82658031088084
1297,418.82658031088084
1254,418.82658031088084
1099,418.82658031088084
1050,418.82658031088084
1036,418.82658031088084
939,418.82658031088084
853,418.82658031088084
751,418.82658031088084
706,418.82658031088084
621,418.82658031088084
588,418.82658031088084
507,418.82658031088084
453,418.82658031088084
451,418.82658031088084
218,418.82658031088084
105,418.82658031088084
79,418.82658031088084
65,418.82658031088084
1923,418.77904689863846
1839,418.77904689863846
1746,418.77904689863846
1731,418.77904689863846
1395,418.77904689863846
1370,418.77904689863846
1250,418.77904689863846
1139,418.77904689863846
1081,418.77904689863846
1048,418.77904689863846
867,418.77904689863846
802,418.77904689863846
718,418.77904689863846
562,418.77904689863846
544,418.77904689863846
471,418.77904689863846
425,418.77904689863846
424,418.77904689863846
334,418.77904689863846
303,418.77904689863846
120,418.77904689863846
53,418.77904689863846
1901,418.7669630642955
1735,418.7669630642955
1696,418.7669630642955
1539,418.7669630642955
1436,418.7669630642955
1426,418.7669630642955
1398,418.7669630642955
1338,418.7669630642955
1298,418.7669630642955
1195,418.7669630642955
1149,418.7669630642955
1009,418.7669630642955
883,418.7669630642955
787,418.7669630642955
768,418.7669630642955
767,418.7669630642955
1781,418.73251491053674
1358,418.73251491053674
1296,418.73251491053674
1042,418.73251491053674
927,418.73251491053674
904,418.73251491053674
897,418.73251491053674
769,418.73251491053674
323,418.73251491053674
6,418.73251491053674
1979,418.7017780748663
1955,418.7017780748663
1927,418.7017780748663
1920,418.7017780748663
1764,418.7017780748663
1722,418.7017780748663
1717,418.7017780748663
1627,418.7017780748663
1570,418.7017780748663
1532,418.7017780748663
1482,418.7017780748663
1468,418.7017780748663
1427,418.7017780748663
1410,418.7017780748663
1337,418.7017780748663
1300,418.7017780748663
1275,418.7017780748663
1272,418.7017780748663
1248,418.7017780748663
1117,418.7017780748663
1082,418.7017780748663
647,418.7017780748663
636,418.7017780748663
417,418.7017780748663
390,418.7017780748663
370,418.7017780748663
364,418.7017780748663
256,418.7017780748663
223,418.7017780748663
182,418.7017780748663
1963,418.6646551724138
1874,418.6646551724138
1862,418.6646551724138
1734,418.6646551724138
1572,418.6646551724138
1559,418.6646551724138
1506,418.6646551724138
1484,418.6646551724138
1305,418.6646551724138
1255,418.6646551724138
1226,418.6646551724138
1071,418.6646551724138
977,418.6646551724138
929,418.6646551724138
879,418.6646551724138
300,418.6646551724138
219,418.6646551724138
118,418.6646551724138
104,418.6646551724138
12,418.6646551724138
1985,418.6533944069431
1926,418.6533944069431
1878,418.6533944069431
1707,418.6533944069431
1706,418.6533944069431
1587,418.6533944069431
1066,418.6533944069431
1000,418.6533944069431
662,418.6533944069431
634,418.6533944069431
490,418.6533944069431
3,418.6533944069431
1918,418.58067599067596
1772,418.58067599067596
1657,418.58067599067596
1555,418.58067599067596
1276,418.58067599067596
1240,418.58067599067596
1043,418.58067599067596
610,418.58067599067596
534,418.58067599067596
522,418.58067599067596
427,418.58067599067596
342,418.58067599067596
293,418.58067599067596
261,418.58067599067596
167,418.58067599067596
132,418.58067599067596
5,418.58067599067596
1914,418.46716017316015
1892,418.46716017316015
1859,418.46716017316015
1697,418.46716017316015
1538,418.46716017316015
1443,418.46716017316015
1315,418.46716017316015
1274,418.46716017316015
1187,418.46716017316015
1142,418.46716017316015
1001,418.46716017316015
984,418.46716017316015
981,418.46716017316015
946,418.46716017316015
686,418.46716017316015
584,418.46716017316015
539,418.46716017316015
484,418.46716017316015
473,418.46716017316015
456,418.46716017316015
330,418.46716017316015
304,418.46716017316015
199,418.46716017316015
150,418.46716017316015
1895,418.43381250000004
1852,418.43381250000004
1847,418.43381250000004
1796,418.43381250000004
1674,418.43381250000004
1620,418.43381250000004
1584,418.43381250000004
1196,418.43381250000004
1162,418.43381250000004
1059,418.43381250000004
1035,418.43381250000004
878,418.43381250000004
806,418.43381250000004
745,418.43381250000004
720,418.43381250000004
476,418.43381250000004
318,418.43381250000004
212,418.43381250000004
138,418.43381250000004
122,418.43381250000004
1888,418.3830081300813
1854,418.3830081300813
1848,418.3830081300813
1846,418.3830081300813
1675,418.3830081300813
1642,418.3830081300813
1513,418.3830081300813
1112,418.3830081300813
999,418.3830081300813
876,418.3830081300813
847,418.3830081300813
831,418.3830081300813
789,418.3830081300813
778,418.3830081300813
757,418.3830081300813
740,418.3830081300813
677,418.3830081300813
648,418.3830081300813
444,418.3830081300813
325,418.3830081300813
311,418.3830081300813
214,418.3830081300813
155,418.3830081300813
145,418.3830081300813
136,418.3830081300813
112,418.3830081300813
52,418.3830081300813
40,418.3830081300813
1838,418.24566563467494
1809,418.24566563467494
1763,418.24566563467494
1577,418.24566563467494
1460,418.24566563467494
1251,418.24566563467494
1177,418.24566563467494
991,418.24566563467494
917,418.24566563467494
719,418.24566563467494
594,418.24566563467494
548,418.24566563467494
541,418.24566563467494
396,418.24566563467494
140,418.24566563467494
1873,418.19016333938293
1815,418.19016333938293
1741,418.19016333938293
1732,418.19016333938293
1664,418.19016333938293
1346,418.19016333938293
1051,418.19016333938293
936,418.19016333938293
701,418.19016333938293
405,418.19016333938293
72,418.19016333938293
1812,418.07784000000004
1534,418.07784000000004
1522,418.07784000000004
1507,418.07784000000004
1465,418.07784000000004
1397,418.07784000000004
1366,418.07784000000004
1261,418.07784000000004
1215,418.07784000000004
1165,418.07784000000004
1159,418.07784000000004
1092,418.07784000000004
1080,418.07784000000004
890,418.07784000000004
839,418.07784000000004
699,418.07784000000004
675,418.07784000000004
530,418.07784000000004
282,418.07784000000004
233,418.07784000000004
1965,417.9656983805668
1857,417.9656983805668
1665,417.9656983805668
1609,417.9656983805668
1526,417.9656983805668
1235,417.9656983805668
1180,417.9656983805668
1127,417.9656983805668
1017,417.9656983805668
980,417.9656983805668
914,417.9656983805668
844,417.9656983805668
809,417.9656983805668
803,417.9656983805668
591,417.9656983805668
481,417.9656983805668
408,417.9656983805668
353,417.9656983805668
163,417.9656983805668
134,417.9656983805668
119,417.9656983805668
116,417.9656983805668
1876,417.92863570391876
1842,417.92863570391876
1524,417.92863570391876
1197,417.92863570391876
1128,417.92863570391876
987,417.92863570391876
859,417.92863570391876
845,417.92863570391876
799,417.92863570391876
783,417.92863570391876
374,417.92863570391876
154,417.92863570391876
141,417.92863570391876
1974,417.76723702664793
1849,417.76723702664793
1701,417.76723702664793
1650,417.76723702664793
1639,417.76723702664793
1592,417.76723702664793
1580,417.76723702664793
1347,417.76723702664793
1271,417.76723702664793
1270,417.76723702664793
1113,417.76723702664793
967,417.76723702664793
930,417.76723702664793
869,417.76723702664793
746,417.76723702664793
326,417.76723702664793
211,417.76723702664793
179,417.76723702664793
1989,417.683041749503
1966,417.683041749503
1744,417.683041749503
1549,417.683041749503
1447,417.683041749503
1413,417.683041749503
1373,417.683041749503
1350,417.683041749503
1145,417.683041749503
1029,417.683041749503
990,417.683041749503
846,417.683041749503
829,417.683041749503
781,417.683041749503
739,417.683041749503
705,417.683041749503
679,417.683041749503
658,417.683041749503
649,417.683041749503
569,417.683041749503
559,417.683041749503
552,417.683041749503
470,417.683041749503
438,417.683041749503
351,417.683041749503
36,417.683041749503
1984,417.5430061349693
1900,417.5430061349693
1779,417.5430061349693
1766,417.5430061349693
1687,417.5430061349693
1655,417.5430061349693
1619,417.5430061349693
1540,417.5430061349693
1462,417.5430061349693
1292,417.5430061349693
1290,417.5430061349693
1053,417.5430061349693
1021,417.5430061349693
676,417.5430061349693
603,417.5430061349693
554,417.5430061349693
550,417.5430061349693
284,417.5430061349693
263,417.5430061349693
244,417.5430061349693
224,417.5430061349693
160,417.5430061349693
2000,417.46698492462315
1997,417.46698492462315
1882,417.46698492462315
1669,417.46698492462315
1574,417.46698492462315
1558,417.46698492462315
1542,417.46698492462315
1529,417.46698492462315
1329,417.46698492462315
1280,417.46698492462315
1238,417.46698492462315
1173,417.46698492462315
998,417.46698492462315
978,417.46698492462315
966,417.46698492462315
953,417.46698492462315
723,417.46698492462315
582,417.46698492462315
213,417.46698492462315
83,417.46698492462315
1958,417.4554186602871
1954,417.4554186602871
1860,417.4554186602871
1685,417.4554186602871
1612,417.4554186602871
1471,417.4554186602871
1458,417.4554186602871
1408,417.4554186602871
1239,417.4554186602871
1228,417.4554186602871
1213,417.4554186602871
1207,417.4554186602871
1178,417.4554186602871
886,417.4554186602871
619,417.4554186602871
615,417.4554186602871
585,417.4554186602871
560,417.4554186602871
516,417.4554186602871
437,417.4554186602871
412,417.4554186602871
339,417.4554186602871
329,417.4554186602871
324,417.4554186602871
204,417.4554186602871
171,417.4554186602871
164,417.4554186602871
92,417.4554186602871
1956,417.3239932885906
1711,417.3239932885906
1659,417.3239932885906
1485,417.3239932885906
1363,417.3239932885906
1321,417.3239932885906
1065,417.3239932885906
1046,417.3239932885906
817,417.3239932885906
770,417.3239932885906
625,417.3239932885906
602,417.3239932885906
307,417.3239932885906
299,417.3239932885906
235,417.3239932885906
168,417.3239932885906
159,417.3239932885906
123,417.3239932885906
27,417.3239932885906
22,417.3239932885906
1992,417.24557284299857
1864,417.24557284299857
1739,417.24557284299857
1446,417.24557284299857
1258,417.24557284299857
955,417.24557284299857
889,417.24557284299857
763,417.24557284299857
735,417.24557284299857
707,417.24557284299857
613,417.24557284299857
407,417.24557284299857
381,417.24557284299857
341,417.24557284299857
131,417.24557284299857
43,417.24557284299857
38,417.24557284299857
1916,417.2149236641221
1840,417.2149236641221
1693,417.2149236641221
1634,417.2149236641221
1625,417.2149236641221
1613,417.2149236641221
1535,417.2149236641221
1045,417.2149236641221
1028,417.2149236641221
1023,417.2149236641221
1020,417.2149236641221
816,417.2149236641221
674,417.2149236641221
654,417.2149236641221
502,417.2149236641221
237,417.2149236641221
153,417.2149236641221
26,417.2149236641221
13,417.2149236641221
1915,416.4998670212766
1578,416.4998670212766
1475,416.4998670212766
1281,416.4998670212766
1256,416.4998670212766
1072,416.4998670212766
961,416.4998670212766
855,416.4998670212766
715,416.4998670212766
523,416.4998670212766
479,416.4998670212766
410,416.4998670212766
380,416.4998670212766
308,416.4998670212766
9,416.4998670212766
1987,416.3486290322581
1861,416.3486290322581
1756,416.3486290322581
1703,416.3486290322581
1690,416.3486290322581
1600,416.3486290322581
1598,416.3486290322581
1588,416.3486290322581
1575,416.3486290322581
1496,416.3486290322581
1473,416.3486290322581
1472,416.3486290322581
1311,416.3486290322581
1143,416.3486290322581
881,416.3486290322581
301,416.3486290322581
274,416.3486290322581
225,416.3486290322581
144,416.3486290322581
110,416.3486290322581
