id_chauffeur,nom,retard_moyen
457,Luca Vincent,7.557312252964427
911,Sasha Lefevre,7.557312252964427
1095,Robin Giraud,7.557312252964427
1655,Sam Lefevre,7.557312252964427
2088,Noa Fontaine,7.557312252964427
2397,Ariel Robin,7.557312252964427
2618,Jordan Laurent,7.557312252964427
2876,Sam Rousseau,7.557312252964427
102,Owen Perrin,7.47119341563786
526,Luca Marin,7.47119341563786
609,Drew Bernard,7.47119341563786
1138,Sky Fontaine,7.47119341563786
1140,Chris Dupont,7.47119341563786
1240,Zoe Giraud,7.47119341563786
1342,Jordan Dupont,7.47119341563786
1836,Casey Marin,7.47119341563786
2032,Sasha Mercier,7.47119341563786
2217,Cameron Petit,7.47119341563786
2233,Sam Mercier,7.47119341563786
2303,Taylor Garnier,7.47119341563786
2317,Luca Perrin,7.47119341563786
2524,Alex Fontaine,7.47119341563786
2757,Ariel Rousseau,7.47119341563786
1392,Zoe Bourgeois,7.315096251266464
2906,Owen Vincent,7.309271523178808
28,Noa Robin,7.3037475345167655
261,Drew Faure,7.3037475345167655
501,Sasha Fontaine,7.3037475345167655
563,Sky Rousseau,7.3037475345167655
1363,Alex Moreau,7.3037475345167655
1614,Alex Moreau,7.3037475345167655
2403,Morgan Perrin,7.3037475345167655
2639,Noa Perrin,7.3037475345167655
2643,Casey Giraud,7.3037475345167655
2359,Drew Petit,7.301204819277109
1012,Drew Bernard,7.283851554663992
973,Zoe Perrin,7.273006134969325
672,Jamie Petit,7.272369714847591
933,Robin Giraud,7.268415741675076
1161,Chris Fontaine,7.252049180327869
1510,Alex Fontaine,7.252049180327869
2227,Jordan Dupont,7.252049180327869
2766,Sam Rousseau,7.252049180327869
2409,Chris Robin,7.233299075025694
1551,Jordan Petit,7.220871327254306
47,Chris Giraud,7.214437367303609
70,Riley Vincent,7.214437367303609
171,Chris Rousseau,7.214437367303609
437,Sasha Vincent,7.214437367303609
700,Casey Petit,7.214437367303609
871,Morgan Mercier,7.214437367303609
1084,Maya Petit,7.214437367303609
1097,Drew Faure,7.214437367303609
1151,Ariel Rousseau,7.214437367303609
1289,Riley Chevalier,7.214437367303609
1795,Morgan Faure,7.214437367303609
2604,Riley Vincent,7.214437367303609
512,Cameron Chevalier,7.163672654690619
1525,Chris Vincent,7.163672654690619
1800,Cameron Dupont,7.163672654690619
2196,Sam Mercier,7.163672654690619
2237,Sam Moreau,7.163672654690619
2296,Jordan Moreau,7.163672654690619
94,Cameron Vincent,7.16247582205029
440,Noa Bernard,7.16247582205029
616,Ariel Petit,7.16247582205029
621,Sasha Chevalier,7.16247582205029
1313,Casey Lefevre,7.16247582205029
1387,Jamie Rousseau,7.16247582205029
1447,Maya Mercier,7.16247582205029
1693,Owen Petit,7.16247582205029
1793,Casey Garnier,7.16247582205029
2033,Taylor Marin,7.16247582205029
2108,Sky Faure,7.16247582205029
2143,Zoe Moreau,7.16247582205029
2190,Alex Faure,7.16247582205029
2277,Chris Dupont,7.16247582205029
2330,Cameron Rousseau,7.16247582205029
2361,Ariel Laurent,7.16247582205029
2883,Chris Marin,7.16247582205029
2714,Casey Bourgeois,7.1400778210116735
32,Drew Petit,7.133333333333334
143,Noa Petit,7.133333333333334
917,Sasha Perrin,7.133333333333334
1002,Noa Laurent,7.133333333333334
1192,Sam Mercier,7.133333333333334
1430,Riley Moreau,7.133333333333334
1504,Sky Laurent,7.133333333333334
1791,Sam Rousseau,7.133333333333334
1851,Jamie Chevalier,7.133333333333334
2236,Owen Rousseau,7.133333333333334
2540,Owen Moreau,7.133333333333334
2598,Sam Rousseau,7.133333333333334
2729,Zoe Garnier,7.133333333333334
2750,Riley Laurent,7.133333333333334
1941,Chris Rousseau,7.128
1264,Cameron Bourgeois,7.126024590163935
81,Sky Vincent,7.118681318681318
803,Cameron Lefevre,7.118681318681318
831,Sasha Bourgeois,7.118681318681318
1034,Zoe Bourgeois,7.118681318681318
1275,Robin Marin,7.118681318681318
1850,Noa Robin,7.118681318681318
1861,Sam Garnier,7.118681318681318
2890,Taylor Robin,7.118681318681318
1460,Ariel Garnier,7.117708333333334
1310,Drew Petit,7.109018830525272
1279,Casey Garnier,7.092814371257485
1127,Sky Giraud,7.085
462,Sky Giraud,7.081780538302278
229,Luca Perrin,7.0772357723577235
244,Alex Rousseau,7.0772357723577235
681,Maya Fontaine,7.0772357723577235
1158,Sasha Lefevre,7.0772357723577235
1609,Ariel Petit,7.0772357723577235
1722,Chris Bourgeois,7.0772357723577235
2318,Morgan Dupont,7.0772357723577235
2364,Riley Blanc,7.0772357723577235
2601,Noa Perrin,7.0772357723577235
2855,Ariel Marin,7.0772357723577235
2978,Luca Robin,7.0772357723577235
2893,Sasha Garnier,7.070796460176991
3,Riley Laurent,7.05664263645726
607,Maya Moreau,7.05511811023622
664,Maya Dupont,7.05511811023622
879,Jamie Garnier,7.05511811023622
1172,Taylor Rousseau,7.05511811023622
1396,Owen Dupont,7.05511811023622
1661,Noa Moreau,7.05511811023622
1687,Morgan Blanc,7.05511811023622
1976,Chris Faure,7.05511811023622
2878,Morgan Laurent,7.05511811023622
2895,Zoe Dupont,7.05511811023622
1311,Drew Rousseau,7.05327868852459
463,Taylor Faure,7.049740932642487
2489,Ariel Rousseau,7.047464940668824
1071,Chris Bernard,7.039054470709147
1702,Luca Mercier,7.039054470709147
2938,Jordan Marin,7.038988408851423
1343,Jordan Petit,7.03725881570193
99,Ariel Fontaine,7.036734693877551
551,Sky Robin,7.036734693877551
977,Cameron Lefevre,7.036734693877551
1155,Maya Rousseau,7.036734693877551
1483,Noa Lefevre,7.036734693877551
1749,Alex Marin,7.036734693877551
2549,Riley Moreau,7.036734693877551
2998,Owen Vincent,7.036734693877551
1122,Owen Vincent,7.0328879753340185
447,Sam Lefevre,7.030938123752495
1636,Riley Laurent,7.023445463812436
380,Ariel Petit,7.0230460921843685
1972,Drew Vincent,7.0207715133531154
160,Noa Marin,7.01875
1086,Taylor Perrin,7.01875
1283,Robin Fontaine,7.01875
1640,Chris Bernard,7.01875
1660,Sky Marin,7.01875
1667,Noa Rousseau,7.01875
2625,Riley Garnier,7.01875
344,Maya Moreau,7.017857142857143
686,Morgan Blanc,7.017857142857143
722,Noa Faure,7.017857142857143
729,Ariel Bourgeois,7.017857142857143
1202,Noa Chevalier,7.017857142857143
1672,Luca Petit,7.017857142857143
1891,Owen Lefevre,7.017857142857143
2146,Chris Rousseau,7.017857142857143
2443,Robin Rousseau,7.017857142857143
2744,Chris Giraud,7.017857142857143
828,Jordan Lefevre,7.014084507042254
2794,Sasha Marin,7.013052208835341
192,Alex Fontaine,7.008602150537635
1157,Casey Blanc,7.008602150537635
1315,Sasha Garnier,7.008602150537635
2021,Ariel Lefevre,7.008602150537635
2068,Drew Robin,7.008602150537635
544,Sasha Rousseau,7.008056394763344
104,Sam Bernard,7.007905138339921
393,Jamie Lefevre,7.007905138339921
478,Maya Faure,7.007905138339921
670,Owen Bernard,7.007905138339921
893,Jordan Moreau,7.007905138339921
1272,Owen Bernard,7.007905138339921
1384,Chris Rousseau,7.007905138339921
2413,Robin Perrin,7.007905138339921
2436,Jordan Rousseau,7.007905138339921
2437,Drew Vincent,7.007905138339921
2910,Maya Bourgeois,7.007905138339921
2937,Owen Bernard,7.007905138339921
126,Owen Lefevre,7.004098360655738
383,Morgan Fontaine,7.004098360655738
523,Casey Fontaine,7.004098360655738
653,Maya Bourgeois,7.004098360655738
724,Chris Garnier,7.004098360655738
1464,Jordan Petit,7.004098360655738
1730,Chris Bernard,7.004098360655738
2115,Cameron Dupont,7.004098360655738
2592,Sky Marin,7.004098360655738
2595,Alex Chevalier,7.004098360655738
1025,Sam Bourgeois,7.004036326942482
688,Luca Petit,7.002036659877801
882,Sky Giraud,7.002036659877801
961,Sam Fontaine,7.002036659877801
1129,Maya Bourgeois,7.002036659877801
1281,Cameron Robin,7.002036659877801
1435,Alex Bourgeois,7.002036659877801
1459,Sasha Giraud,7.002036659877801
1485,Ariel Dupont,7.002036659877801
1932,Ariel Bourgeois,7.002036659877801
2199,Drew Bourgeois,7.002036659877801
2280,Drew Petit,7.002036659877801
2343,Luca Chevalier,7.002036659877801
2602,Robin Faure,7.002036659877801
2663,Taylor Rousseau,7.002036659877801
2777,Robin Petit,7.002036659877801
1759,Robin Fontaine,6.997950819672131
2322,Cameron Dupont,6.9960079840319365
291,Morgan Bourgeois,6.9958932238193015
413,Alex Marin,6.9958932238193015
1872,Cameron Rousseau,6.9958932238193015
2291,Jamie Blanc,6.9958932238193015
2307,Owen Bourgeois,6.9958932238193015
2344,Cameron Rousseau,6.9958932238193015
2554,Luca Perrin,6.9958932238193015
1043,Cameron Marin,6.993743482794578
784,Morgan Bernard,6.993548387096774
1068,Zoe Bernard,6.993548387096774
1284,Robin Lefevre,6.993548387096774
1400,Owen Chevalier,6.993548387096774
1613,Alex Faure,6.993548387096774
1794,Cameron Moreau,6.993548387096774
1884,Maya Rousseau,6.993548387096774
1894,Riley Bourgeois,6.993548387096774
2086,Luca Robin,6.993548387096774
2207,Sky Dupont,6.993548387096774
2827,Alex Fontaine,6.993548387096774
2924,Riley Blanc,6.993548387096774
2029,Chris Bourgeois,6.992985971943888
1246,Ariel Bernard,6.992015968063872
1695,Casey Lefevre,6.991897366644159
2141,Luca Perrin,6.991080277502478
57,Jordan Petit,6.990215264187867
252,Cameron Mercier,6.990215264187867
343,Taylor Blanc,6.990215264187867
411,Morgan Faure,6.990215264187867
913,Morgan Rousseau,6.990215264187867
1239,Taylor Bourgeois,6.990215264187867
1300,Sky Blanc,6.990215264187867
1463,Luca Laurent,6.990215264187867
1625,Taylor Rousseau,6.990215264187867
1696,Cameron Bernard,6.990215264187867
1721,Owen Dupont,6.990215264187867
2988,Cameron Moreau,6.990215264187867
129,Noa Lefevre,6.986604152712659
1128,Ariel Mercier,6.9809322033898304
111,Alex Moreau,6.980119284294235
622,Sasha Dupont,6.980119284294235
870,Cameron Perrin,6.980119284294235
1216,Jamie Bernard,6.980119284294235
1314,Zoe Robin,6.980119284294235
1317,Jordan Laurent,6.980119284294235
1492,Riley Petit,6.980119284294235
2594,Jamie Garnier,6.980119284294235
345,Taylor Bourgeois,6.978813559322034
569,Sasha Perrin,6.978813559322034
1150,Alex Blanc,6.978813559322034
1221,Riley Moreau,6.978813559322034
1332,Chris Blanc,6.978813559322034
2101,Luca Moreau,6.978813559322034
2408,Casey Bourgeois,6.978813559322034
2864,Drew Mercier,6.978813559322034
2975,Taylor Perrin,6.978813559322034
1773,Jamie Rousseau,6.977977977977978
119,Riley Chevalier,6.975806451612903
453,Chris Marin,6.975806451612903
727,Alex Giraud,6.975806451612903
812,Jamie Moreau,6.975806451612903
1372,Luca Dupont,6.975806451612903
1405,Drew Giraud,6.975806451612903
2042,Maya Lefevre,6.975806451612903
2404,Drew Bernard,6.975806451612903
2454,Casey Rousseau,6.975806451612903
2305,Morgan Faure,6.97577519379845
106,Riley Moreau,6.969543147208122
2093,Casey Rousseau,6.969543147208122
142,Noa Giraud,6.968410661401777
80,Robin Dupont,6.967010309278351
514,Sam Laurent,6.967010309278351
649,Owen Faure,6.967010309278351
771,Chris Bernard,6.967010309278351
1146,Riley Robin,6.967010309278351
1561,Jordan Rousseau,6.967010309278351
2077,Noa Lefevre,6.967010309278351
2363,Alex Faure,6.967010309278351
2756,Taylor Perrin,6.967010309278351
2775,Drew Bourgeois,6.967010309278351
2986,Casey Bourgeois,6.967010309278351
207,Jamie Lefevre,6.965587044534413
355,Taylor Rousseau,6.965587044534413
422,Cameron Faure,6.965587044534413
441,Riley Petit,6.965587044534413
534,Riley Marin,6.965587044534413
863,Alex Bourgeois,6.965587044534413
1052,Maya Lefevre,6.965587044534413
1333,Ariel Rousseau,6.965587044534413
1645,Maya Lefevre,6.965587044534413
2325,Cameron Rousseau,6.965587044534413
1478,Robin Perrin,6.964
1928,Robin Laurent,6.963525835866261
1011,Chris Lefevre,6.963165075034106
2157,Sam Garnier,6.961462450592886
107,Drew Perrin,6.957528957528957
979,Zoe Mercier,6.957528957528957
1458,Jordan Bourgeois,6.957528957528957
1479,Taylor Blanc,6.957528957528957
1533,Morgan Dupont,6.957528957528957
1725,Alex Faure,6.957528957528957
1738,Ariel Moreau,6.957528957528957
2005,Taylor Vincent,6.957528957528957
2677,Alex Faure,6.957528957528957
2840,Maya Petit,6.957528957528957
1218,Riley Marin,6.954268292682927
1487,Sky Moreau,6.954268292682927
1848,Alex Rousseau,6.9535353535353535
648,Luca Giraud,6.953299492385787
1584,Sam Petit,6.9502487562189055
642,Ariel Perrin,6.947261663286004
918,Alex Robin,6.947261663286004
1715,Casey Bernard,6.947261663286004
2038,Ariel Lefevre,6.947261663286004
2131,Jordan Laurent,6.947261663286004
2135,Casey Giraud,6.947261663286004
2195,Noa Bourgeois,6.947261663286004
2396,Sasha Garnier,6.947261663286004
2497,Riley Faure,6.947261663286004
2705,Noa Moreau,6.947261663286004
2721,Casey Robin,6.947261663286004
2854,Ariel Petit,6.947261663286004
1954,Zoe Dupont,6.945752302968271
1506,Jamie Petit,6.945378151260504
2168,Owen Bourgeois,6.944973544973545
761,Alex Chevalier,6.9411764705882355
2378,Noa Faure,6.940217391304348
1489,Drew Petit,6.939362795477903
2290,Sky Vincent,6.939036381514257
1554,Chris Rousseau,6.938733125649014
811,Cameron Petit,6.936781609195402
1653,Luca Garnier,6.936781609195402
1808,Sam Moreau,6.936781609195402
1977,Owen Laurent,6.936781609195402
2151,Drew Perrin,6.936781609195402
2476,Maya Rousseau,6.936781609195402
2522,Cameron Moreau,6.936781609195402
2979,Taylor Faure,6.936781609195402
2973,Cameron Rousseau,6.933683519369665
454,Jordan Fontaine,6.932489451476793
1073,Casey Petit,6.932307692307693
511,Owen Perrin,6.931464174454828
1832,Noa Vincent,6.927285318559557
635,Jamie Dupont,6.92578125
1277,Chris Bourgeois,6.92578125
1705,Riley Robin,6.92578125
1960,Owen Dupont,6.92578125
2064,Cameron Moreau,6.92578125
2072,Drew Vincent,6.92578125
2156,Taylor Marin,6.92578125
2299,Owen Mercier,6.92578125
2774,Taylor Marin,6.92578125
2776,Maya Chevalier,6.92578125
1875,Jordan Bourgeois,6.925149700598802
1881,Zoe Rousseau,6.924430641821946
6,Morgan Faure,6.922606924643585
980,Jamie Mercier,6.922606924643585
1188,Maya Bernard,6.922606924643585
1774,Ariel Petit,6.922606924643585
2425,Ariel Vincent,6.922606924643585
2725,Robin Lefevre,6.922606924643585
2972,Taylor Rousseau,6.922606924643585
2762,Jordan Giraud,6.9223901098901095
931,Jordan Marin,6.922290388548057
940,Luca Fontaine,6.922290388548057
993,Jamie Faure,6.922290388548057
1132,Alex Rousseau,6.922290388548057
1422,Chris Petit,6.922290388548057
1986,Casey Garnier,6.922290388548057
1991,Riley Mercier,6.922290388548057
2162,Jordan Bourgeois,6.922290388548057
2180,Cameron Laurent,6.922290388548057
2467,Casey Mercier,6.922290388548057
60,Cameron Dupont,6.921761998685076
2165,Alex Chevalier,6.915478615071283
2473,Drew Robin,6.914400805639477
2786,Morgan Bourgeois,6.910386965376782
2796,Jordan Bourgeois,6.9072375127421
1451,Chris Lefevre,6.905503634475597
2571,Drew Fontaine,6.90519877675841
1326,Sam Marin,6.900314795383001
915,Jordan Rousseau,6.899143672692674
612,Sam Bourgeois,6.895119418483905
1862,Sky Moreau,6.893660531697342
222,Chris Rousseau,6.893467336683417
2401,Taylor Bourgeois,6.893193717277487
1901,Sasha Garnier,6.890518084066471
360,Morgan Bourgeois,6.890318212593094
750,Morgan Dupont,6.889683350357507
2174,Sam Garnier,6.886503067484663
1168,Sam Petit,6.8844953173777315
2353,Jamie Bourgeois,6.884272997032641
1123,Drew Rousseau,6.878265155248891
1457,Jamie Rousseau,6.877593360995851
868,Ariel Perrin,6.875490196078432
471,Luca Blanc,6.872469635627531
738,Sasha Laurent,6.872469635627531
1058,Jamie Dupont,6.872469635627531
1662,Owen Dupont,6.872469635627531
2617,Taylor Blanc,6.872469635627531
176,Taylor Mercier,6.868534482758621
1374,Alex Petit,6.868534482758621
1772,Drew Petit,6.868534482758621
1877,Jamie Moreau,6.868534482758621
2242,Owen Rousseau,6.868534482758621
2248,Noa Dupont,6.868534482758621
2555,Sky Vincent,6.868534482758621
2957,Maya Rousseau,6.868534482758621
2226,Alex Garnier,6.868162692847124
125,Jordan Fontaine,6.866935483870968
1005,Cameron Blanc,6.864809081527348
1630,Jordan Vincent,6.862706913339824
427,Riley Rousseau,6.862068965517241
981,Casey Rousseau,6.862068965517241
1008,Jordan Rousseau,6.862068965517241
1049,Cameron Laurent,6.862068965517241
1064,Drew Dupont,6.862068965517241
1379,Noa Chevalier,6.862068965517241
1925,Taylor Rousseau,6.862068965517241
2486,Riley Mercier,6.862068965517241
2946,Taylor Petit,6.862068965517241
2956,Alex Giraud,6.862068965517241
849,Zoe Bourgeois,6.862003780718337
1207,Owen Robin,6.862003780718337
1297,Zoe Moreau,6.862003780718337
1843,Luca Dupont,6.862003780718337
1931,Morgan Moreau,6.862003780718337
2597,Chris Vincent,6.862003780718337
1121,Alex Moreau,6.861568247821878
2909,Ariel Dupont,6.861
283,Riley Garnier,6.859213250517598
492,Drew Robin,6.859213250517598
497,Cameron Garnier,6.859213250517598
892,Morgan Bernard,6.859213250517598
1748,Chris Lefevre,6.859213250517598
2047,Ariel Giraud,6.859213250517598
2091,Noa Perrin,6.859213250517598
2114,Zoe Marin,6.859213250517598
2451,Riley Lefevre,6.859213250517598
2853,Casey Dupont,6.859213250517598
2858,Maya Blanc,6.859213250517598
2951,Robin Blanc,6.859213250517598
568,Sasha Blanc,6.855194123819517
2783,Sasha Laurent,6.855172413793103
2150,Morgan Laurent,6.852652259332023
2784,Chris Perrin,6.852307692307693
564,Alex Dupont,6.851084812623274
2688,Zoe Perrin,6.851084812623274
2687,Owen Bourgeois,6.850156087408949
2824,Jamie Rousseau,6.849896480331263
1307,Owen Bernard,6.849846782431052
1051,Robin Dupont,6.846960167714885
941,Riley Petit,6.845853658536585
1274,Casey Chevalier,6.8446700507614215
15,Ariel Mercier,6.8412852969815
1167,Ariel Perrin,6.839622641509434
91,Sky Lefevre,6.838709677419355
2719,Chris Bourgeois,6.838461538461538
1699,Sky Dupont,6.838071065989848
859,Sam Laurent,6.836755646817249
930,Sasha Rousseau,6.8350622406639
2679,Noa Vincent,6.833333333333333
830,Owen Lefevre,6.83234126984127
840,Maya Garnier,6.8318401102687805
39,Sky Fontaine,6.831325301204819
152,Sam Bernard,6.831325301204819
279,Casey Fontaine,6.831325301204819
397,Owen Rousseau,6.831325301204819
542,Jamie Bourgeois,6.831325301204819
570,Riley Garnier,6.831325301204819
1711,Taylor Fontaine,6.831325301204819
1958,Alex Moreau,6.831325301204819
2002,Sam Chevalier,6.831325301204819
2206,Taylor Dupont,6.831325301204819
2351,Maya Fontaine,6.831325301204819
2661,Chris Fontaine,6.831325301204819
2907,Drew Laurent,6.831325301204819
1378,Jamie Marin,6.830111902339776
1603,Jamie Lefevre,6.830111902339776
321,Drew Fontaine,6.82851445663011
2083,Sam Mercier,6.826258637709773
2703,Taylor Moreau,6.823410696266397
299,Maya Laurent,6.822361546499478
29,Cameron Petit,6.816481294236603
277,Chris Mercier,6.81630648330059
1826,Jordan Garnier,6.815761448349308
1340,Morgan Moreau,6.812375249500998
2884,Luca Bourgeois,6.810920121334681
82,Luca Bernard,6.80811078140455
431,Morgan Rousseau,6.807653575025176
520,Owen Fontaine,6.807302231237323
747,Ariel Rousseau,6.807302231237323
927,Noa Rousseau,6.807302231237323
1021,Jamie Chevalier,6.807302231237323
1734,Sasha Petit,6.807302231237323
1995,Morgan Garnier,6.806889352818372
2016,Noa Blanc,6.806473364801079
2229,Taylor Mercier,6.806102362204724
2809,Taylor Robin,6.8057602143335565
2600,Alex Fontaine,6.8053892215568865
2798,Alex Blanc,6.804761904761905
1029,Owen Rousseau,6.804393305439331
1501,Alex Fontaine,6.804040404040404
2837,Maya Giraud,6.804034582132565
1805,Morgan Bourgeois,6.80276134122288
1259,Cameron Garnier,6.802693602693603
2997,Jordan Vincent,6.801242236024844
2727,Sam Robin,6.800395256916996
2007,Jamie Bernard,6.798201798201799
2035,Luca Moreau,6.792528352234823
1015,Drew Fontaine,6.789526686807654
219,Robin Lefevre,6.787593984962406
756,Cameron Garnier,6.787593984962406
776,Robin Robin,6.787593984962406
1679,Ariel Mercier,6.787593984962406
2052,Chris Petit,6.787593984962406
2160,Sky Vincent,6.787593984962406
2278,Owen Perrin,6.787593984962406
2388,Cameron Moreau,6.787593984962406
2738,Sam Robin,6.787593984962406
2755,Sam Giraud,6.787593984962406
2826,Taylor Faure,6.787593984962406
2829,Maya Moreau,6.787593984962406
1023,Chris Garnier,6.784332688588008
1166,Robin Vincent,6.783968719452591
1193,Cameron Lefevre,6.783673469387755
1242,Chris Bernard,6.783673469387755
1249,Ariel Giraud,6.783673469387755
1413,Owen Robin,6.783673469387755
1583,Sam Lefevre,6.783673469387755
2126,Alex Laurent,6.783673469387755
2155,Sasha Garnier,6.783673469387755
2286,Alex Garnier,6.783673469387755
2491,Jordan Bernard,6.783673469387755
2763,Riley Moreau,6.783673469387755
2982,Maya Rousseau,6.783673469387755
2989,Robin Vincent,6.783673469387755
1796,Owen Garnier,6.783638320775027
1119,Sasha Lefevre,6.782580222658808
2799,Ariel Laurent,6.781931464174455
2066,Luca Bourgeois,6.780185758513932
2477,Robin Rousseau,6.779381443298969
2011,Taylor Garnier,6.776088458880443
77,Riley Bourgeois,6.774193548387097
1204,Drew Marin,6.773399014778325
2680,Jamie Bernard,6.772413793103448
147,Noa Marin,6.771369721936148
667,Sasha Lefevre,6.771060455896928
38,Robin Faure,6.771058315334773
202,Owen Bourgeois,6.771058315334773
276,Chris Perrin,6.771058315334773
1165,Cameron Giraud,6.771058315334773
1676,Cameron Laurent,6.771058315334773
1870,Taylor Chevalier,6.771058315334773
2550,Jordan Mercier,6.771058315334773
2943,Jamie Rousseau,6.769456681350954
744,Owen Blanc,6.769154228855721
1137,Sasha Lefevre,6.767911200807266
1026,Alex Fontaine,6.766834170854271
1913,Casey Bourgeois,6.764418377321603
2922,Jamie Faure,6.763819095477387
628,Riley Bourgeois,6.760847628657921
2770,Chris Marin,6.758349705304519
348,Noa Perrin,6.755182625863771
1412,Morgan Perrin,6.755081300813008
1370,Chris Laurent,6.753951890034364
266,Noa Laurent,6.753799392097265
2590,Casey Rousseau,6.752720079129575
1144,Robin Chevalier,6.752284263959391
1739,Sky Chevalier,6.750499001996008
178,Jamie Petit,6.748414376321353
584,Sky Perrin,6.748414376321353
1047,Zoe Giraud,6.748414376321353
1085,Owen Chevalier,6.748414376321353
1562,Sam Rousseau,6.748414376321353
2657,Drew Fontaine,6.748414376321353
2678,Sky Petit,6.748414376321353
2898,Cameron Faure,6.748414376321353
2407,Sky Blanc,6.748133061778683
1477,Alex Faure,6.748125937031484
312,Owen Garnier,6.748106815464328
2488,Robin Blanc,6.747157190635452
1697,Cameron Petit,6.745600804424334
2903,Sasha Dupont,6.742636746143058
2267,Taylor Garnier,6.741966893865628
452,Alex Bernard,6.741902834008097
187,Jordan Dupont,6.740625
632,Robin Rousseau,6.738800827015851
1975,Owen Dupont,6.738601823708207
1615,Cameron Robin,6.738031914893617
208,Jordan Garnier,6.736434108527132
597,Riley Garnier,6.736434108527132
1569,Owen Mercier,6.736434108527132
1593,Owen Rousseau,6.736434108527132
1784,Sky Garnier,6.736434108527132
1869,Alex Rousseau,6.736434108527132
2208,Casey Rousseau,6.736434108527132
2341,Casey Bourgeois,6.736434108527132
2700,Sasha Rousseau,6.736434108527132
2821,Noa Bernard,6.736434108527132
65,Ariel Fontaine,6.735632183908046
627,Zoe Rousseau,6.735632183908046
1265,Ariel Laurent,6.735632183908046
1439,Chris Vincent,6.735632183908046
1497,Morgan Giraud,6.735632183908046
1502,Chris Blanc,6.735632183908046
1882,Taylor Vincent,6.735632183908046
2214,Maya Bourgeois,6.735632183908046
2275,Zoe Rousseau,6.735632183908046
2429,Jordan Rousseau,6.735632183908046
2934,Jamie Robin,6.735632183908046
2331,Owen Bernard,6.735059760956175
2060,Riley Mercier,6.734143049932523
2621,Zoe Moreau,6.733333333333333
1444,Chris Bourgeois,6.730846774193548
1385,Drew Faure,6.730769230769231
1145,Casey Faure,6.730348258706468
243,Drew Laurent,6.730006397952655
1809,Sky Chevalier,6.728148657949071
2094,Jamie Marin,6.7271853986551395
2667,Luca Moreau,6.727181544633901
97,Cameron Chevalier,6.726114649681529
114,Ariel Rousseau,6.726114649681529
230,Cameron Dupont,6.726114649681529
326,Robin Robin,6.726114649681529
728,Robin Garnier,6.726114649681529
777,Jamie Blanc,6.726114649681529
1045,Casey Laurent,6.726114649681529
1079,Casey Garnier,6.726114649681529
1608,Robin Bourgeois,6.726114649681529
1780,Sasha Mercier,6.726114649681529
2023,Taylor Perrin,6.726114649681529
2706,Jordan Fontaine,6.726114649681529
2823,Robin Mercier,6.726114649681529
2175,Taylor Chevalier,6.723120837297811
2593,Ariel Perrin,6.721212121212122
2730,Sasha Rousseau,6.72020202020202
1692,Sky Perrin,6.7197265625
379,Jamie Laurent,6.717267552182163
786,Ariel Laurent,6.717267552182163
834,Casey Giraud,6.717267552182163
1818,Sasha Rousseau,6.717267552182163
1949,Owen Perrin,6.717267552182163
1950,Cameron Blanc,6.717267552182163
2932,Noa Blanc,6.717267552182163
2530,Sam Mercier,6.716203259827421
1046,Drew Lefevre,6.7156580211335255
951,Cameron Chevalier,6.715254237288136
120,Chris Marin,6.715202052597819
1803,Sasha Perrin,6.71513353115727
2373,Owen Blanc,6.714285714285714
1143,Jordan Petit,6.713997985901309
2526,Zoe Vincent,6.712690355329949
1229,Luca Blanc,6.712121212121212
48,Ariel Garnier,6.711538461538462
52,Owen Fontaine,6.711538461538462
599,Zoe Faure,6.711538461538462
788,Jordan Laurent,6.711538461538462
1031,Owen Perrin,6.711538461538462
1290,Chris Perrin,6.711538461538462
1449,Robin Giraud,6.711538461538462
1491,Sam Blanc,6.711538461538462
1643,Chris Rousseau,6.711538461538462
2447,Jamie Dupont,6.711538461538462
2647,Ariel Rousseau,6.711538461538462
2580,Ariel Marin,6.710808179162609
2349,Alex Bourgeois,6.709547738693467
774,Cameron Blanc,6.709020368574199
934,Jordan Bourgeois,6.7075848303393215
1766,Owen Mercier,6.706706706706707
1556,Jamie Robin,6.70622009569378
2525,Noa Vincent,6.704590818363274
482,Luca Rousseau,6.70397842211733
1890,Chris Giraud,6.702675916749257
20,Sky Bernard,6.7008032128514055
313,Cameron Faure,6.7008032128514055
1232,Morgan Rousseau,6.7008032128514055
1763,Sasha Robin,6.7008032128514055
2058,Alex Perrin,6.7008032128514055
2428,Ariel Petit,6.7008032128514055
2626,Cameron Vincent,6.7008032128514055
2692,Luca Petit,6.7008032128514055
2737,Sasha Marin,6.7008032128514055
2012,Jamie Dupont,6.7006578947368425
184,Sky Giraud,6.699502487562189
371,Maya Chevalier,6.698924731182796
655,Owen Garnier,6.698924731182796
690,Casey Vincent,6.698924731182796
1445,Casey Giraud,6.698924731182796
1513,Zoe Giraud,6.698924731182796
1585,Owen Chevalier,6.698924731182796
1790,Ariel Laurent,6.698924731182796
2103,Riley Vincent,6.698924731182796
2202,Cameron Garnier,6.698924731182796
2635,Cameron Mercier,6.698924731182796
1016,Ariel Laurent,6.696761530912659
1709,Ariel Robin,6.695192307692308
2387,Sam Robin,6.694133157547792
2200,Owen Bourgeois,6.69331983805668
275,Sky Bourgeois,6.693251533742331
561,Chris Moreau,6.693251533742331
625,Maya Faure,6.693251533742331
816,Jamie Robin,6.693251533742331
823,Riley Marin,6.693251533742331
833,Taylor Mercier,6.693251533742331
896,Maya Robin,6.693251533742331
990,Sam Lefevre,6.693251533742331
1048,Cameron Moreau,6.693251533742331
1598,Ariel Moreau,6.693251533742331
1860,Drew Laurent,6.693251533742331
2018,Ariel Garnier,6.693251533742331
2203,Jordan Garnier,6.693251533742331
2572,Taylor Marin,6.691699604743083
982,Ariel Bourgeois,6.691601049868766
916,Sky Petit,6.691521961184883
1234,Sam Chevalier,6.690246516613076
538,Jordan Bourgeois,6.6895522388059705
1904,Taylor Giraud,6.6894472361809045
2320,Sky Marin,6.689416419386745
347,Taylor Lefevre,6.687374749498998
912,Luca Giraud,6.687374749498998
1164,Taylor Rousseau,6.687374749498998
1394,Sky Moreau,6.687374749498998
1622,Taylor Rousseau,6.687374749498998
1745,Drew Vincent,6.687374749498998
1768,Owen Faure,6.687374749498998
1933,Sam Bourgeois,6.687374749498998
1971,Ariel Mercier,6.687374749498998
2865,Alex Rousseau,6.687374749498998
381,Casey Rousseau,6.687061183550652
2492,Alex Perrin,6.68503937007874
2812,Sam Mercier,6.682634730538922
340,Noa Rousseau,6.6819126819126815
342,Owen Laurent,6.6819126819126815
745,Jamie Dupont,6.6819126819126815
895,Ariel Garnier,6.6819126819126815
1139,Jamie Rousseau,6.6819126819126815
1222,Owen Moreau,6.6819126819126815
1575,Sam Giraud,6.6819126819126815
2090,Riley Lefevre,6.6819126819126815
2690,Luca Mercier,6.6819126819126815
2717,Sasha Blanc,6.6819126819126815
596,Riley Moreau,6.679631525076766
256,Ariel Bernard,6.679462571976967
412,Noa Mercier,6.679462571976967
598,Ariel Faure,6.679462571976967
1243,Maya Lefevre,6.679462571976967
1291,Taylor Robin,6.679462571976967
1549,Jordan Garnier,6.679462571976967
1776,Ariel Bernard,6.679462571976967
2153,Sky Faure,6.679462571976967
2213,Sam Bernard,6.679462571976967
2273,Jordan Fontaine,6.679462571976967
2517,Maya Bourgeois,6.679462571976967
2606,Ariel Moreau,6.679462571976967
2772,Noa Perrin,6.679462571976967
2927,Luca Mercier,6.679462571976967
318,Owen Blanc,6.678172588832488
2487,Maya Garnier,6.676245210727969
2569,Zoe Moreau,6.675840978593272
68,Riley Lefevre,6.675785207700101
1605,Taylor Chevalier,6.674772036474164
123,Taylor Rousseau,6.672300469483568
2724,Robin Bernard,6.668763102725367
1771,Alex Bourgeois,6.668
2759,Chris Bourgeois,6.667315175097277
2552,Riley Blanc,6.663522012578617
1141,Chris Bernard,6.66247582205029
2660,Zoe Chevalier,6.661750245821042
240,Jamie Fontaine,6.66147859922179
2371,Owen Faure,6.660624370594159
364,Maya Vincent,6.6605691056910565
836,Zoe Bernard,6.6605691056910565
844,Noa Lefevre,6.6605691056910565
1184,Robin Marin,6.6605691056910565
1210,Alex Garnier,6.6605691056910565
1731,Drew Perrin,6.6605691056910565
1764,Jamie Rousseau,6.6605691056910565
2139,Jordan Laurent,6.6605691056910565
2641,Maya Rousseau,6.6605691056910565
2868,Jamie Robin,6.6605691056910565
1434,Ariel Fontaine,6.6603960396039605
2046,Maya Giraud,6.659206510681587
1507,Luca Chevalier,6.6580259222333
1420,Luca Giraud,6.657198824681685
2122,Luca Bourgeois,6.656551724137931
2723,Drew Laurent,6.656393442622951
483,Taylor Vincent,6.656015037593985
768,Noa Garnier,6.656015037593985
822,Taylor Giraud,6.656015037593985
824,Ariel Bourgeois,6.656015037593985
956,Luca Laurent,6.656015037593985
1423,Morgan Vincent,6.656015037593985
1644,Riley Perrin,6.656015037593985
1839,Owen Petit,6.656015037593985
2125,Chris Petit,6.656015037593985
2584,Owen Garnier,6.656015037593985
2831,Robin Robin,6.656015037593985
647,Ariel Rousseau,6.654614652711703
1817,Alex Blanc,6.653526970954357
2276,Jordan Petit,6.652849740932642
829,Alex Rousseau,6.651779483600837
1694,Alex Mercier,6.650148662041626
1488,Ariel Fontaine,6.6492829204693615
2575,Jamie Blanc,6.646997929606625
1295,Maya Bourgeois,6.646245059288537
743,Cameron Fontaine,6.645582329317269
2422,Morgan Chevalier,6.645033112582781
2945,Luca Giraud,6.641410842586545
1658,Alex Faure,6.641199226305609
742,Sam Mercier,6.641050583657588
389,Sasha Giraud,6.640748031496063
35,Ariel Rousseau,6.640081799591002
461,Taylor Robin,6.640081799591002
689,Sam Fontaine,6.640081799591002
757,Noa Bourgeois,6.640081799591002
897,Alex Perrin,6.640081799591002
1036,Noa Faure,6.640081799591002
1250,Alex Chevalier,6.640081799591002
1461,Alex Moreau,6.640081799591002
2134,Drew Lefevre,6.640081799591002
2142,Drew Fontaine,6.640081799591002
2201,Sasha Dupont,6.640081799591002
2309,Morgan Faure,6.640081799591002
2637,Sam Blanc,6.639004149377594
2936,Cameron Petit,6.6387002909796315
33,Chris Garnier,6.638255698711595
908,Jordan Bourgeois,6.638164754953076
1440,Chris Rousseau,6.63627546071775
2803,Luca Bourgeois,6.63627546071775
2962,Casey Vincent,6.636247606892151
336,Zoe Lefevre,6.631472081218274
2557,Luca Blanc,6.631368631368631
1905,Cameron Bernard,6.629343629343629
2649,Morgan Chevalier,6.628516003879729
610,Maya Bourgeois,6.628256513026052
1647,Ariel Giraud,6.628019323671498
1747,Noa Chevalier,6.627053140096618
2212,Cameron Bernard,6.626732673267327
2627,Taylor Bourgeois,6.624
2897,Drew Rousseau,6.6219630709426625
1600,Morgan Perrin,6.621765096217651
1744,Cameron Garnier,6.621675531914893
1985,Cameron Faure,6.618951612903226
2383,Jordan Laurent,6.618627450980392
2375,Morgan Chevalier,6.617
1389,Maya Fontaine,6.6166495375128465
2900,Taylor Laurent,6.614785992217898
508,Luca Blanc,6.613095238095238
2163,Cameron Vincent,6.612689393939394
2209,Sasha Robin,6.611924686192468
2008,Chris Garnier,6.610294117647059
2067,Owen Robin,6.609706774519717
1359,Morgan Robin,6.609661835748792
2457,Sasha Mercier,6.6074672048435925
496,Jamie Garnier,6.606862745098039
1386,Jordan Petit,6.606862745098039
2791,Sasha Fontaine,6.606811145510836
10,Alex Laurent,6.60233918128655
51,Maya Rousseau,6.60233918128655
144,Ariel Faure,6.60233918128655
215,Sam Bourgeois,6.60233918128655
226,Sasha Marin,6.60233918128655
346,Morgan Rousseau,6.60233918128655
443,Robin Rousseau,6.60233918128655
485,Jamie Vincent,6.60233918128655
845,Alex Robin,6.60233918128655
890,Noa Laurent,6.60233918128655
1424,Casey Robin,6.60233918128655
1545,Drew Perrin,6.60233918128655
1596,Cameron Robin,6.60233918128655
2106,Luca Fontaine,6.60233918128655
2288,Morgan Fontaine,6.60233918128655
2506,Noa Chevalier,6.60233918128655
2797,Owen Faure,6.60233918128655
2751,Jamie Garnier,6.6021717670286275
683,Cameron Dupont,6.6007827788649704
938,Chris Petit,6.59916054564533
17,Owen Perrin,6.59765625
36,Owen Perrin,6.59765625
267,Alex Perrin,6.59765625
1053,Robin Marin,6.59765625
1534,Owen Chevalier,6.59765625
1840,Robin Lefevre,6.59765625
2266,Sasha Bernard,6.59765625
2564,Sky Blanc,6.59765625
2672,Alex Blanc,6.59765625
2863,Maya Garnier,6.59765625
2920,Maya Bernard,6.59765625
650,Sky Bernard,6.595978062157221
1448,Taylor Bernard,6.595978062157221
2024,Jamie Rousseau,6.595978062157221
2124,Chris Rousseau,6.595978062157221
2393,Casey Lefevre,6.595978062157221
2462,Riley Bourgeois,6.595978062157221
2472,Alex Garnier,6.595978062157221
341,Morgan Dupont,6.594142259414226
460,Sam Chevalier,6.594142259414226
475,Zoe Moreau,6.594142259414226
1017,Casey Faure,6.594142259414226
1038,Luca Bernard,6.594142259414226
1627,Casey Bernard,6.594142259414226
1879,Noa Bourgeois,6.594142259414226
2562,Sam Laurent,6.594142259414226
2574,Sam Vincent,6.594142259414226
1312,Zoe Laurent,6.593501326259947
54,Maya Bernard,6.593287265547878
297,Morgan Dupont,6.590361445783133
532,Taylor Moreau,6.590361445783133
552,Sasha Bourgeois,6.590361445783133
587,Alex Moreau,6.590361445783133
877,Alex Lefevre,6.590361445783133
1054,Casey Marin,6.590361445783133
1126,Zoe Petit,6.590361445783133
1163,Robin Giraud,6.590361445783133
1590,Morgan Lefevre,6.590361445783133
1778,Maya Fontaine,6.590361445783133
2154,Taylor Garnier,6.590361445783133
2949,Casey Bernard,6.590361445783133
2240,Robin Bernard,6.5879299156391955
2587,Alex Rousseau,6.587128712871287
113,Morgan Giraud,6.58502024291498
1509,Maya Bourgeois,6.58469387755102
1841,Alex Garnier,6.584573748308525
2057,Noa Laurent,6.584215591915303
150,Cameron Rousseau,6.5836109260493005
1997,Alex Fontaine,6.582278481012659
1812,Chris Garnier,6.576666666666667
121,Drew Rousseau,6.576470588235294
272,Taylor Mercier,6.576470588235294
527,Chris Rousseau,6.576470588235294
623,Jamie Garnier,6.576470588235294
983,Zoe Rousseau,6.576470588235294
1704,Morgan Bourgeois,6.576470588235294
1723,Jordan Fontaine,6.576470588235294
1783,Owen Rousseau,6.576470588235294
2615,Zoe Moreau,6.576470588235294
2739,Robin Bourgeois,6.576470588235294
59,Sasha Bernard,6.5745909528392685
2080,Zoe Robin,6.571988246816846
1080,Sky Petit,6.57085020242915
349,Sasha Dupont,6.570564516129032
718,Robin Perrin,6.570564516129032
1712,Chris Chevalier,6.570564516129032
2185,Alex Vincent,6.570564516129032
2342,Drew Chevalier,6.570564516129032
2442,Jordan Fontaine,6.570564516129032
2628,Owen Petit,6.570564516129032
2665,Sasha Rousseau,6.570564516129032
2916,Sky Rousseau,6.566733067729084
1724,Taylor Fontaine,6.564346997140134
2614,Jordan Mercier,6.56386292834891
19,Noa Garnier,6.562118126272912
172,Jamie Petit,6.562118126272912
562,Jordan Moreau,6.562118126272912
633,Ariel Bourgeois,6.562118126272912
657,Jordan Rousseau,6.562118126272912
1028,Chris Bourgeois,6.562118126272912
1197,Ariel Rousseau,6.562118126272912
1220,Noa Faure,6.562118126272912
1684,Drew Vincent,6.562118126272912
1688,Jordan Bourgeois,6.562118126272912
1859,Owen Mercier,6.562118126272912
1982,Luca Lefevre,6.562118126272912
2188,Robin Giraud,6.562118126272912
2338,Owen Chevalier,6.562118126272912
2536,Jordan Petit,6.562118126272912
2849,Cameron Laurent,6.562118126272912
1601,Riley Chevalier,6.561349693251533
2971,Noa Bourgeois,6.561317449194114
502,Maya Moreau,6.560951437066402
782,Riley Garnier,6.560951437066402
634,Noa Rousseau,6.5602409638554215
976,Chris Rousseau,6.557943925233645
1421,Luca Rousseau,6.5560081466395115
1044,Casey Marin,6.554869684499314
733,Jamie Dupont,6.5546719681908545
247,Morgan Giraud,6.554445554445555
2109,Riley Marin,6.554095045500506
2683,Casey Chevalier,6.553379040156709
37,Chris Garnier,6.551519154557464
1133,Sam Bernard,6.54989816700611
2713,Taylor Dupont,6.5448658649398705
873,Chris Lefevre,6.541795665634675
579,Cameron Rousseau,6.541338582677166
1591,Jamie Vincent,6.541338582677166
1758,Jamie Vincent,6.541338582677166
2465,Casey Blanc,6.541338582677166
2832,Luca Blanc,6.541338582677166
2950,Jamie Fontaine,6.541338582677166
1735,Drew Lefevre,6.540596094552929
45,Drew Faure,6.534798534798535
159,Casey Blanc,6.534798534798535
595,Jordan Petit,6.534798534798535
613,Cameron Moreau,6.534798534798535
1296,Chris Bourgeois,6.534798534798535
1324,Sam Bernard,6.534798534798535
1336,Maya Laurent,6.534798534798535
1467,Morgan Laurent,6.534798534798535
1523,Drew Mercier,6.534798534798535
2470,Cameron Bernard,6.534798534798535
2619,Sam Faure,6.534798534798535
2872,Sam Moreau,6.534798534798535
124,Noa Vincent,6.529531568228106
161,Alex Rousseau,6.529531568228106
376,Morgan Moreau,6.529531568228106
1617,Morgan Petit,6.529531568228106
2292,Zoe Moreau,6.529531568228106
2541,Zoe Vincent,6.529531568228106
2741,Taylor Chevalier,6.529531568228106
2301,Drew Bourgeois,6.526760563380281
1352,Sky Laurent,6.525172754195459
1821,Maya Rousseau,6.523955147808358
1124,Luca Mercier,6.522574447646494
356,Luca Marin,6.519211822660099
71,Robin Mercier,6.518304431599229
858,Robin Robin,6.518304431599229
937,Alex Chevalier,6.518304431599229
1094,Riley Faure,6.518304431599229
1953,Taylor Robin,6.518304431599229
2610,Owen Dupont,6.518304431599229
2941,Jamie Laurent,6.518304431599229
92,Jamie Vincent,6.5181644359464626
262,Sky Bourgeois,6.5181644359464626
448,Riley Rousseau,6.5181644359464626
972,Luca Lefevre,6.5181644359464626
1112,Drew Fontaine,6.5181644359464626
1162,Casey Petit,6.5181644359464626
1524,Ariel Robin,6.5181644359464626
1924,Robin Dupont,6.5181644359464626
2306,Robin Petit,6.512871287128712
1915,Jordan Blanc,6.511007338225483
2362,Sky Petit,6.510526315789473
1967,Sam Marin,6.508130081300813
573,Taylor Bourgeois,6.506478209658422
1964,Morgan Mercier,6.505736137667304
888,Sasha Giraud,6.503315649867374
2372,Jamie Fontaine,6.501972386587771
1714,Jamie Lefevre,6.5
694,Riley Rousseau,6.495884773662551
769,Riley Perrin,6.49505928853755
2563,Taylor Rousseau,6.492517006802721
56,Cameron Giraud,6.492509363295881
975,Taylor Fontaine,6.492509363295881
1111,Zoe Robin,6.492509363295881
1750,Drew Perrin,6.492509363295881
2009,Sam Fontaine,6.492509363295881
2022,Ariel Rousseau,6.492509363295881
2399,Morgan Laurent,6.492509363295881
2653,Drew Mercier,6.492509363295881
1871,Sasha Bourgeois,6.491440080563947
949,Casey Fontaine,6.490856592877767
148,Jordan Petit,6.489822718319107
221,Robin Bernard,6.488888888888889
806,Luca Moreau,6.488888888888889
1004,Luca Blanc,6.488888888888889
1027,Sky Giraud,6.488888888888889
1176,Robin Giraud,6.488888888888889
1490,Morgan Fontaine,6.488888888888889
1548,Chris Petit,6.488888888888889
1621,Noa Vincent,6.488888888888889
1787,Taylor Moreau,6.488888888888889
1863,Maya Blanc,6.488888888888889
2960,Taylor Laurent,6.488888888888889
662,Alex Perrin,6.488465396188566
557,Jamie Marin,6.485537190082645
1918,Owen Moreau,6.485532123589995
2867,Cameron Chevalier,6.484546360917248
1610,Cameron Blanc,6.482794577685088
1541,Chris Chevalier,6.478915662650603
571,Robin Giraud,6.4760994263862335
1160,Sam Garnier,6.4760994263862335
1567,Robin Dupont,6.4760994263862335
1842,Casey Perrin,6.4760994263862335
2055,Casey Giraud,6.4760994263862335
2254,Riley Petit,6.4760994263862335
2384,Maya Marin,6.4760994263862335
2389,Luca Rousseau,6.4760994263862335
2599,Riley Blanc,6.4760994263862335
2752,Morgan Mercier,6.4760994263862335
2908,Drew Moreau,6.4760994263862335
2963,Ariel Garnier,6.475198412698413
1115,Ariel Marin,6.474206349206349
1020,Owen Bourgeois,6.471751412429379
2966,Taylor Perrin,6.470705064548163
257,Ariel Perrin,6.470370370370371
1683,Alex Petit,6.470370370370371
1777,Luca Rousseau,6.470370370370371
2031,Jamie Rousseau,6.470370370370371
2287,Cameron Chevalier,6.470370370370371
2360,Sasha Laurent,6.470370370370371
2624,Casey Bernard,6.470370370370371
2735,Luca Blanc,6.470370370370371
2977,Robin Garnier,6.468421052631579
1364,Sasha Chevalier,6.467980295566503
472,Robin Mercier,6.465254798146923
677,Jamie Moreau,6.465048543689321
1649,Drew Fontaine,6.464333781965006
1833,Noa Laurent,6.464285714285714
112,Robin Laurent,6.462301587301587
156,Ariel Laurent,6.462301587301587
288,Maya Rousseau,6.462301587301587
500,Sky Rousseau,6.462301587301587
555,Drew Garnier,6.462301587301587
559,Jordan Blanc,6.462301587301587
581,Morgan Rousseau,6.462301587301587
1042,Morgan Lefevre,6.462301587301587
1572,Cameron Marin,6.462301587301587
1741,Owen Mercier,6.462301587301587
2312,Jordan Fontaine,6.462301587301587
2446,Robin Lefevre,6.462301587301587
2814,Drew Giraud,6.462301587301587
2834,Jamie Rousseau,6.462301587301587
2892,Robin Petit,6.462301587301587
603,Zoe Vincent,6.4600577478344565
703,Cameron Fontaine,6.458706467661692
2939,Jamie Marin,6.458677685950414
435,Maya Faure,6.456243854473943
264,Sky Marin,6.455165692007797
225,Maya Rousseau,6.450757575757576
337,Sasha Fontaine,6.450757575757576
1019,Maya Petit,6.450757575757576
2097,Sam Rousseau,6.450757575757576
2295,Sam Bernard,6.450757575757576
2551,Sky Lefevre,6.450757575757576
2807,Cameron Rousseau,6.450757575757576
303,Alex Petit,6.450292397660819
374,Owen Bernard,6.450292397660819
872,Taylor Moreau,6.450292397660819
2269,Jordan Fontaine,6.450292397660819
2553,Alex Dupont,6.450292397660819
2707,Jamie Dupont,6.450292397660819
2888,Jordan Rousseau,6.450292397660819
2930,Zoe Robin,6.450292397660819
856,Noa Perrin,6.44955044955045
209,Alex Blanc,6.448897795591182
1266,Taylor Chevalier,6.448897795591182
1552,Chris Robin,6.448897795591182
1657,Maya Faure,6.448897795591182
1845,Taylor Moreau,6.448897795591182
1938,Jordan Mercier,6.448897795591182
1983,Cameron Dupont,6.448897795591182
2271,Ariel Dupont,6.448897795591182
2382,Sasha Rousseau,6.448897795591182
2567,Jordan Marin,6.448897795591182
2698,Maya Vincent,6.448897795591182
2810,Maya Petit,6.448897795591182
1198,Cameron Petit,6.446787148594377
458,Sam Marin,6.44466800804829
659,Noa Mercier,6.44466800804829
696,Maya Dupont,6.44466800804829
965,Owen Bourgeois,6.44466800804829
1455,Zoe Rousseau,6.44466800804829
1574,Chris Vincent,6.44466800804829
1855,Drew Petit,6.44466800804829
1857,Alex Lefevre,6.44466800804829
2210,Taylor Perrin,6.44466800804829
2260,Noa Rousseau,6.44466800804829
2414,Drew Rousseau,6.44466800804829
2450,Ariel Lefevre,6.44466800804829
372,Noa Perrin,6.444664031620554
480,Jordan Robin,6.444664031620554
547,Cameron Faure,6.444664031620554
572,Riley Robin,6.444664031620554
995,Cameron Faure,6.444664031620554
1588,Luca Blanc,6.444664031620554
1889,Riley Fontaine,6.444664031620554
2432,Robin Dupont,6.444664031620554
2439,Maya Marin,6.444664031620554
193,Casey Faure,6.443790849673203
583,Luca Rousseau,6.443548387096774
1256,Owen Robin,6.440891472868217
2000,Noa Moreau,6.4404296875
2128,Cameron Marin,6.439549180327869
420,Taylor Marin,6.437785678009142
1619,Chris Laurent,6.433333333333334
1393,Cameron Bernard,6.432264736297828
137,Taylor Lefevre,6.429435483870968
216,Sasha Giraud,6.429435483870968
331,Chris Petit,6.429435483870968
602,Sam Giraud,6.429435483870968
1437,Maya Garnier,6.429435483870968
1886,Cameron Rousseau,6.429435483870968
2028,Robin Rousseau,6.429435483870968
2940,Maya Garnier,6.429435483870968
2478,Zoe Garnier,6.428280773143438
2856,Sasha Fontaine,6.426052889324192
2328,Ariel Mercier,6.424148606811145
89,Chris Garnier,6.42409402546523
987,Owen Vincent,6.417582417582418
84,Ariel Petit,6.414529914529915
227,Morgan Perrin,6.414529914529915
576,Taylor Chevalier,6.414529914529915
585,Drew Vincent,6.414529914529915
710,Noa Faure,6.414529914529915
1285,Taylor Faure,6.414529914529915
1353,Sky Bourgeois,6.414529914529915
1496,Jamie Rousseau,6.414529914529915
1514,Sasha Fontaine,6.414529914529915
1528,Zoe Chevalier,6.414529914529915
1557,Alex Vincent,6.414529914529915
1558,Jamie Fontaine,6.414529914529915
1680,Jordan Vincent,6.414529914529915
2036,Owen Moreau,6.414529914529915
2612,Owen Mercier,6.414529914529915
188,Ariel Rousseau,6.411187438665358
1917,Sam Laurent,6.410179640718563
387,Sky Bourgeois,6.408536585365853
825,Cameron Bernard,6.408536585365853
903,Drew Marin,6.408536585365853
1091,Alex Petit,6.408536585365853
1383,Luca Vincent,6.408536585365853
1656,Casey Mercier,6.408536585365853
2231,Owen Marin,6.408536585365853
108,Jordan Petit,6.4070247933884295
154,Riley Blanc,6.4070247933884295
273,Morgan Marin,6.4070247933884295
332,Sasha Marin,6.4070247933884295
711,Robin Chevalier,6.4070247933884295
770,Jamie Robin,6.4070247933884295
866,Taylor Perrin,6.4070247933884295
1102,Jamie Marin,6.4070247933884295
1446,Zoe Fontaine,6.4070247933884295
1612,Taylor Chevalier,6.4070247933884295
1716,Sam Bernard,6.4070247933884295
2123,Sky Laurent,6.4070247933884295
2518,Sky Giraud,6.4070247933884295
2607,Luca Laurent,6.4070247933884295
1665,Sasha Petit,6.398809523809524
1415,Riley Moreau,6.396825396825397
1057,Drew Garnier,6.393302692055154
2003,Morgan Marin,6.387814313346229
714,Ariel Perrin,6.383268482490273
1472,Sky Rousseau,6.373517786561265
2760,Casey Bernard,6.373517786561265
2915,Luca Fontaine,6.370514064015519
2850,Zoe Perrin,6.369318181818182
44,Maya Garnier,6.367469879518072
139,Robin Blanc,6.367469879518072
165,Zoe Chevalier,6.367469879518072
388,Ariel Chevalier,6.367469879518072
725,Alex Mercier,6.367469879518072
1087,Riley Bourgeois,6.367469879518072
1505,Drew Faure,6.367469879518072
1799,Sky Vincent,6.367469879518072
1981,Riley Garnier,6.367469879518072
1984,Cameron Chevalier,6.367469879518072
2543,Chris Mercier,6.367469879518072
2578,Ariel Lefevre,6.367469879518072
2656,Sasha Perrin,6.367469879518072
2689,Drew Perrin,6.367469879518072
2736,Noa Bernard,6.367469879518072
2769,Morgan Dupont,6.367469879518072
2870,Ariel Laurent,6.367469879518072
258,Robin Vincent,6.362403100775194
88,Maya Garnier,6.358224016145308
2899,Casey Bourgeois,6.354961832061068
1110,Maya Giraud,6.353750860289058
611,Casey Bourgeois,6.353405725567621
249,Sky Bernard,6.348884381338743
407,Drew Rousseau,6.348884381338743
518,Maya Mercier,6.348884381338743
1765,Sasha Rousseau,6.348884381338743
2082,Cameron Bernard,6.348884381338743
2169,Chris Petit,6.348884381338743
2394,Noa Giraud,6.348884381338743
117,Sam Garnier,6.3438735177865615
550,Casey Marin,6.342281879194631
1468,Morgan Rousseau,6.3419155509783725
790,Drew Giraud,6.341661039837947
1936,Chris Rousseau,6.3373860182370825
839,Casey Lefevre,6.330798479087452
1331,Maya Marin,6.324873096446701
1433,Robin Rousseau,6.324873096446701
315,Zoe Fontaine,6.323558162267839
185,Ariel Laurent,6.314176245210728
13,Casey Moreau,6.311890838206628
21,Casey Petit,6.311890838206628
105,Ariel Fontaine,6.311890838206628
149,Owen Marin,6.311890838206628
153,Cameron Bernard,6.311890838206628
535,Robin Fontaine,6.311890838206628
644,Sky Laurent,6.311890838206628
734,Robin Blanc,6.311890838206628
764,Drew Rousseau,6.311890838206628
900,Alex Giraud,6.311890838206628
1090,Drew Rousseau,6.311890838206628
1125,Drew Marin,6.311890838206628
1606,Sam Bourgeois,6.311890838206628
1830,Ariel Faure,6.311890838206628
2110,Luca Garnier,6.311890838206628
2434,Jamie Chevalier,6.311890838206628
2535,Sasha Robin,6.311890838206628
3000,Riley Faure,6.311890838206628
351,Chris Garnier,6.307992202729045
423,Morgan Moreau,6.307992202729045
740,Riley Chevalier,6.307992202729045
1611,Owen Rousseau,6.307992202729045
1726,Jamie Rousseau,6.307992202729045
1816,Robin Rousseau,6.307992202729045
2270,Sky Mercier,6.307992202729045
2319,Riley Bernard,6.307992202729045
2459,Drew Moreau,6.307992202729045
199,Maya Chevalier,6.294589178356714
217,Alex Rousseau,6.294589178356714
588,Sam Rousseau,6.294589178356714
752,Casey Perrin,6.294589178356714
773,Zoe Bernard,6.294589178356714
1390,Luca Giraud,6.294589178356714
1914,Sky Robin,6.294589178356714
2339,Zoe Vincent,6.294589178356714
2390,Casey Chevalier,6.294589178356714
2720,Sasha Marin,6.294589178356714
2851,Sasha Bernard,6.294589178356714
2901,Maya Bourgeois,6.294589178356714
2993,Maya Giraud,6.294589178356714
1441,Cameron Robin,6.29296875
2257,Sasha Faure,6.284326424870466
558,Cameron Rousseau,6.2824267782426775
780,Noa Laurent,6.2824267782426775
843,Sasha Rousseau,6.2824267782426775
942,Maya Garnier,6.2824267782426775
1529,Riley Marin,6.2824267782426775
1733,Chris Faure,6.2824267782426775
1736,Maya Mercier,6.2824267782426775
1844,Alex Dupont,6.2824267782426775
1922,Ariel Moreau,6.2824267782426775
2430,Ariel Bourgeois,6.2824267782426775
2693,Jordan Robin,6.2824267782426775
224,Drew Marin,6.27348643006263
339,Sam Robin,6.27348643006263
357,Luca Robin,6.27348643006263
1280,Luca Fontaine,6.27348643006263
1618,Alex Giraud,6.27348643006263
1668,Noa Bernard,6.27348643006263
1719,Jamie Giraud,6.27348643006263
1827,Taylor Fontaine,6.27348643006263
1912,Sasha Giraud,6.27348643006263
2040,Morgan Fontaine,6.27348643006263
2041,Luca Giraud,6.27348643006263
2089,Cameron Dupont,6.27348643006263
2285,Chris Robin,6.27348643006263
2326,Riley Blanc,6.27348643006263
2761,Jamie Vincent,6.27348643006263
1475,Sam Bernard,6.270321361058601
2815,Chris Garnier,6.26984126984127
424,Drew Blanc,6.2691924227318045
2304,Sam Perrin,6.268700787401575
2222,Maya Petit,6.265265265265265
945,Zoe Garnier,6.259189443920829
213,Ariel Marin,6.257692307692308
503,Chris Perrin,6.257692307692308
1273,Sasha Giraud,6.257692307692308
2245,Owen Rousseau,6.257692307692308
2881,Drew Moreau,6.257692307692308
1075,Riley Blanc,6.253240279162513
2970,Alex Marin,6.246971736204576
353,Noa Lefevre,6.245579567779961
509,Casey Mercier,6.245579567779961
646,Casey Laurent,6.245579567779961
876,Robin Laurent,6.245579567779961
898,Zoe Blanc,6.245579567779961
974,Jordan Dupont,6.245579567779961
1450,Casey Rousseau,6.245579567779961
1822,Luca Mercier,6.245579567779961
2044,Drew Petit,6.245579567779961
2130,Sasha Mercier,6.245579567779961
2482,Jamie Vincent,6.245579567779961
906,Zoe Petit,6.2437137330754355
964,Owen Fontaine,6.2437137330754355
1215,Noa Rousseau,6.2437137330754355
1469,Drew Perrin,6.2437137330754355
1847,Chris Bernard,6.2437137330754355
1896,Zoe Laurent,6.2437137330754355
2081,Sky Faure,6.2437137330754355
2112,Owen Bernard,6.2437137330754355
2283,Zoe Mercier,6.2437137330754355
206,Zoe Lefevre,6.234704112337011
362,Alex Garnier,6.223360655737705
414,Noa Vincent,6.223360655737705
991,Riley Dupont,6.223360655737705
1142,Luca Rousseau,6.223360655737705
1673,Sam Marin,6.223360655737705
1892,Maya Robin,6.223360655737705
2263,Chris Garnier,6.223360655737705
2308,Maya Petit,6.223360655737705
2911,Riley Moreau,6.223360655737705
66,Alex Perrin,6.20985401459854
67,Sky Chevalier,6.20985401459854
507,Riley Dupont,6.20985401459854
905,Zoe Fontaine,6.20985401459854
1066,Robin Fontaine,6.20985401459854
1287,Riley Dupont,6.20985401459854
1293,Maya Robin,6.20985401459854
1482,Luca Petit,6.20985401459854
1923,Alex Moreau,6.20985401459854
2380,Luca Rousseau,6.20985401459854
2502,Taylor Rousseau,6.20985401459854
2733,Maya Lefevre,6.20985401459854
2,Luca Petit,6.1689059500959695
702,Owen Mercier,6.1689059500959695
851,Riley Moreau,6.1689059500959695
963,Luca Chevalier,6.1689059500959695
988,Owen Moreau,6.1689059500959695
1217,Zoe Mercier,6.1689059500959695
1498,Sam Laurent,6.1689059500959695
2071,Drew Petit,6.1689059500959695
2787,Casey Rousseau,6.1689059500959695
2896,Drew Giraud,6.1689059500959695
122,Riley Blanc,6.130612244897959
1191,Ariel Bernard,6.130612244897959
1395,Morgan Rousseau,6.130612244897959
1425,Maya Laurent,6.130612244897959
2556,Morgan Faure,6.130612244897959
2560,Zoe Blanc,6.130612244897959
692,Zoe Robin,6.123015873015873
922,Robin Moreau,6.123015873015873
1288,Jamie Giraud,6.123015873015873
1682,Chris Garnier,6.123015873015873
1804,Sky Blanc,6.123015873015873
1888,Drew Vincent,6.123015873015873
2205,Casey Petit,6.123015873015873
2444,Ariel Laurent,6.123015873015873
2509,Noa Vincent,6.123015873015873
253,Drew Robin,5.98828125
328,Cameron Bernard,5.98828125
2316,Morgan Rousseau,5.98828125
2510,Zoe Rousseau,5.98828125
2682,Riley Lefevre,5.98828125
2684,Maya Robin,5.98828125
2781,Noa Laurent,5.98828125
