id_capteur,id_arret,pollution_moyenne,niveau_pollution
4621,4950,454.7290909090909,moyenne
4535,4877,446.173125,moyenne
1633,1745,443.593125,moyenne
2006,2165,440.2990909090909,moyenne
2644,2803,439.5110714285714,moyenne
959,1018,438.7271428571429,moyenne
1802,1950,438.39428571428573,moyenne
2129,2280,438.10823529411766,moyenne
1806,1953,437.8714285714285,moyenne
2807,2947,437.796,moyenne
4059,4358,437.7321052631579,moyenne
149,180,437.611,moyenne
4358,4670,437.37638888888887,moyenne
2569,2740,437.22653846153844,moyenne
3423,3652,436.7676470588235,moyenne
1997,2157,436.592962962963,moyenne
4096,4397,436.38272727272727,moyenne
2814,2953,436.375,moyenne
3913,4198,435.717,moyenne
3174,3363,435.51529411764704,moyenne
4394,4725,435.38,moyenne
1198,1271,435.26307692307694,moyenne
1510,1602,435.23586956521734,moyenne
4237,4542,435.1469230769231,moyenne
1218,1288,435.137,moyenne
751,790,434.8445454545454,moyenne
1835,1994,434.81,moyenne
370,411,434.634,moyenne
3877,4157,434.62461538461537,moyenne
915,972,434.54304347826087,moyenne
2277,2432,434.53099999999995,moyenne
2867,3005,434.299,moyenne
932,992,434.12083333333334,moyenne
718,754,434.1116,moyenne
2158,2309,434.1082608695652,moyenne
389,430,434.04192307692307,moyenne
1226,1295,434.008,moyenne
2383,2543,433.99733333333336,moyenne
3661,3925,433.7126315789474,moyenne
1705,1839,433.4552173913043,moyenne
657,688,433.4257692307692,moyenne
3499,3745,433.12454545454545,moyenne
1744,1885,432.99916666666667,moyenne
2041,2193,432.99350000000004,moyenne
3332,3533,432.92137931034483,moyenne
4566,4905,432.84230769230766,moyenne
1915,2080,432.74545454545455,moyenne
3479,3716,432.74,moyenne
3242,3442,432.7154545454545,moyenne
4279,4584,432.5185714285714,moyenne
2528,2694,432.48071428571427,moyenne
3708,3980,432.3870588235294,moyenne
4385,4713,432.3308333333334,moyenne
1847,2007,432.31882352941176,moyenne
1931,2092,432.2987878787879,moyenne
1927,2090,432.241,moyenne
2393,2559,432.1171186440678,moyenne
2214,2366,431.972375,moyenne
481,509,431.96384615384613,moyenne
980,1041,431.83952380952377,moyenne
3301,3507,431.6884615384615,moyenne
4594,4927,431.6136666666667,moyenne
776,820,431.60083333333336,moyenne
3029,3185,431.588125,moyenne
4397,4730,431.54749999999996,moyenne
1652,1768,431.5423333333334,moyenne
1437,1524,431.5338095238095,moyenne
3967,4256,431.52882352941174,moyenne
1649,1763,431.4939655172414,moyenne
3938,4222,431.4719230769231,moyenne
1950,2113,431.43626666666665,moyenne
3349,3558,431.35,moyenne
2406,2572,431.3271875,moyenne
2954,3105,431.28521739130434,moyenne
3526,3777,431.2680769230769,moyenne
3167,3355,431.25448275862067,moyenne
1584,1681,431.23843137254903,moyenne
2374,2535,431.2292857142857,moyenne
4633,4966,431.22921052631574,moyenne
2729,2886,431.1464705882353,moyenne
382,425,431.0215789473684,moyenne
3062,3228,431.01651162790694,moyenne
2482,2645,430.8913846153846,moyenne
19,32,430.8031818181818,moyenne
4270,4577,430.74,moyenne
2921,3068,430.55533333333335,moyenne
101,128,430.4255,moyenne
814,852,430.336,moyenne
3094,3261,430.32211538461536,moyenne
1029,1105,430.3206666666667,moyenne
3827,4110,430.27675675675675,moyenne
361,405,430.2575384615385,moyenne
2636,2797,430.2425925925926,moyenne
4533,4875,430.2160714285714,moyenne
842,884,430.12514285714286,moyenne
3452,3680,430.1097222222222,moyenne
2641,2802,429.98954545454546,moyenne
710,745,429.959375,moyenne
1577,1672,429.87848484848485,moyenne
2045,2196,429.8258536585366,moyenne
805,843,429.82074074074075,moyenne
622,653,429.81814814814817,moyenne
444,479,429.79945945945946,moyenne
907,966,429.77230769230766,moyenne
4626,4958,429.766052631579,moyenne
2579,2747,429.71799999999996,moyenne
2703,2865,429.6284507042253,moyenne
2643,2803,429.6186153846154,moyenne
2784,2929,429.61833333333334,moyenne
4256,4561,429.6094444444445,moyenne
72,91,429.586,moyenne
2044,2195,429.5741666666667,moyenne
2545,2710,429.47811320754715,moyenne
4605,4937,429.45569620253167,moyenne
1340,1427,429.3888888888889,moyenne
3338,3536,429.36727272727273,moyenne
1384,1466,429.3485135135135,moyenne
3556,3815,429.317,moyenne
1689,1817,429.28346153846155,moyenne
605,631,429.2282142857143,moyenne
190,217,429.2002777777777,moyenne
4109,4414,429.1836363636364,moyenne
4326,4635,429.0572,moyenne
407,444,429.02500000000003,moyenne
3973,4261,429.02048780487803,moyenne
3321,3525,428.99677966101694,moyenne
2898,3040,428.99583333333334,moyenne
207,230,428.9690909090909,moyenne
2758,2909,428.96740740740745,moyenne
1159,1239,428.92261904761904,moyenne
1582,1680,428.91805555555555,moyenne
1066,1143,428.90964285714284,moyenne
1121,1199,428.76658536585364,moyenne
2068,2219,428.75499999999994,moyenne
4255,4560,428.57543478260874,moyenne
2680,2842,428.5105555555555,moyenne
3317,3521,428.4857333333333,moyenne
2793,2934,428.48235294117643,moyenne
3643,3898,428.4685714285714,moyenne
239,268,428.43451612903226,moyenne
2413,2582,428.4269230769231,moyenne
4374,4692,428.4148484848485,moyenne
3888,4169,428.406875,moyenne
2333,2489,428.37739130434784,moyenne
2979,3137,428.35578947368424,moyenne
2851,2990,428.3341891891892,moyenne
1429,1516,428.32272727272726,moyenne
2852,2990,428.271935483871,moyenne
2236,2383,428.2655263157895,moyenne
2208,2361,428.2523684210526,moyenne
3409,3637,428.23333333333335,moyenne
4615,4945,428.2325,moyenne
1667,1781,428.21384615384613,moyenne
1182,1260,428.19176470588235,moyenne
4401,4732,428.1639682539683,moyenne
2511,2684,428.1163636363636,moyenne
1264,1343,428.1035,moyenne
2182,2332,428.0724390243903,moyenne
2677,2840,428.05309523809524,moyenne
753,791,428.02291139240504,moyenne
4561,4898,428.0028571428572,moyenne
3166,3354,427.93690909090907,moyenne
692,728,427.9122950819672,moyenne
1124,1204,427.9032352941176,moyenne
222,252,427.8953333333333,moyenne
6,13,427.7226470588235,moyenne
2724,2882,427.6684848484848,moyenne
2690,2853,427.6180882352941,moyenne
245,277,427.595641025641,moyenne
2304,2456,427.58916666666664,moyenne
2427,2591,427.57037037037037,moyenne
2223,2372,427.57,moyenne
3136,3314,427.4817647058823,moyenne
671,703,427.4651851851852,moyenne
1713,1851,427.44686274509803,moyenne
3437,3669,427.4403703703704,moyenne
3339,3537,427.43833333333333,moyenne
2410,2577,427.42760000000004,moyenne
2247,2402,427.41967741935485,moyenne
4213,4518,427.38875,moyenne
2787,2930,427.38452380952384,moyenne
26,37,427.383125,moyenne
1724,1859,427.346923076923,moyenne
2994,3150,427.3430769230769,moyenne
179,207,427.33526315789476,moyenne
3098,3265,427.3158620689655,moyenne
2781,2925,427.2662903225807,moyenne
558,583,427.25533333333334,moyenne
3206,3403,427.2228571428572,moyenne
3245,3444,427.2190476190476,moyenne
1494,1583,427.21885714285713,moyenne
762,808,427.2035714285714,moyenne
1716,1853,427.17840909090904,moyenne
2714,2873,427.0982,moyenne
349,392,427.0714,moyenne
2309,2463,427.0508474576271,moyenne
2168,2320,427.03,moyenne
2083,2240,427.0270149253732,moyenne
2411,2578,426.99695652173915,moyenne
1019,1093,426.9847368421053,moyenne
2470,2631,426.97153846153844,moyenne
347,390,426.9442424242424,moyenne
3272,3474,426.9362745098039,moyenne
2483,2645,426.93315789473684,moyenne
3962,4245,426.9154545454545,moyenne
3288,3493,426.90684210526314,moyenne
1732,1870,426.89370370370375,moyenne
3511,3757,426.8793333333333,moyenne
261,293,426.87636363636364,moyenne
2375,2539,426.8515625,moyenne
664,694,426.8458064516129,moyenne
3909,4191,426.79879999999997,moyenne
75,100,426.7972972972973,moyenne
1471,1566,426.7960869565217,moyenne
757,801,426.7925,moyenne
3864,4143,426.7676923076923,moyenne
1072,1148,426.7557971014493,moyenne
3497,3744,426.74605263157895,moyenne
4340,4651,426.73689655172416,moyenne
1773,1921,426.7278125,moyenne
1039,1115,426.6983783783784,moyenne
2245,2394,426.67,moyenne
680,717,426.64394736842104,moyenne
291,326,426.63314285714284,moyenne
322,359,426.62688888888886,moyenne
2435,2599,426.6190625,moyenne
3471,3702,426.57727272727277,moyenne
3053,3220,426.56051948051953,moyenne
2049,2199,426.55454545454546,moyenne
1536,1633,426.52352941176474,moyenne
1596,1693,426.5073611111111,moyenne
1314,1391,426.4931818181818,moyenne
3193,3378,426.4714666666667,moyenne
1870,2028,426.4391379310345,moyenne
1549,1645,426.43487179487175,moyenne
2757,2908,426.4235,moyenne
2030,2184,426.4089473684211,moyenne
3907,4187,426.40867647058826,moyenne
647,679,426.3801666666667,moyenne
881,935,426.3532307692308,moyenne
1349,1432,426.34121212121215,moyenne
1413,1490,426.326875,moyenne
2459,2618,426.31136363636364,moyenne
4231,4535,426.31131578947367,moyenne
2879,3013,426.2990769230769,moyenne
2939,3087,426.29254545454546,moyenne
1096,1171,426.2805263157895,moyenne
1451,1537,426.26137500000004,moyenne
4414,4743,426.21583333333336,moyenne
2348,2505,426.18407407407403,moyenne
2046,2196,426.16225806451615,moyenne
3567,3831,426.1492,moyenne
4396,4729,426.14,moyenne
2995,3150,426.133125,moyenne
2189,2337,426.1323255813953,moyenne
4015,4314,426.12703703703704,moyenne
1107,1181,426.122027027027,moyenne
945,1005,426.11611111111114,moyenne
4274,4580,426.1134090909091,moyenne
2516,2686,426.0539726027397,moyenne
3847,4129,426.04,moyenne
1681,1808,425.9787301587302,moyenne
1715,1852,425.97194444444443,moyenne
405,442,425.9577358490566,moyenne
131,159,425.9357894736842,moyenne
3444,3674,425.93180555555557,moyenne
966,1030,425.9235294117647,moyenne
1697,1823,425.9055357142857,moyenne
1959,2119,425.8668292682927,moyenne
4168,4478,425.8602564102564,moyenne
3234,3434,425.84802631578947,moyenne
4403,4734,425.84285714285716,moyenne
698,733,425.8229824561403,moyenne
1489,1579,425.7907407407408,moyenne
270,305,425.77121212121216,moyenne
4224,4529,425.7497435897436,moyenne
2925,3073,425.733023255814,moyenne
3366,3578,425.7005882352941,moyenne
1108,1181,425.6890909090909,moyenne
3869,4149,425.67787234042555,moyenne
1841,1999,425.6678,moyenne
2003,2164,425.6565217391304,moyenne
3047,3208,425.6518181818182,moyenne
2549,2715,425.6510344827586,moyenne
35,43,425.64944444444444,moyenne
848,897,425.64500000000004,moyenne
4118,4426,425.64046875,moyenne
1006,1075,425.58671428571427,moyenne
1995,2155,425.5803125,moyenne
2971,3127,425.50684210526316,moyenne
2139,2297,425.493717948718,moyenne
2148,2302,425.46685185185186,moyenne
2772,2920,425.4562903225807,moyenne
2007,2166,425.45486842105265,moyenne
435,470,425.4440625,moyenne
1777,1925,425.39126582278476,moyenne
3316,3520,425.35999999999996,moyenne
283,318,425.27250000000004,moyenne
2445,2610,425.2607142857143,moyenne
2709,2870,425.2555737704918,moyenne
3588,3848,425.25550724637685,moyenne
3819,4101,425.25444444444446,moyenne
2053,2203,425.240612244898,moyenne
2688,2852,425.1593478260869,moyenne
3394,3615,425.1225806451613,moyenne
3170,3358,425.1125806451613,moyenne
3395,3616,425.0946341463415,moyenne
3315,3520,425.0906557377049,moyenne
3443,3674,425.08753246753247,moyenne
3842,4123,425.08647058823533,moyenne
1381,1463,425.0850909090909,moyenne
3790,4065,425.085,moyenne
1544,1641,425.078,moyenne
1151,1233,425.0612068965517,moyenne
3613,3873,425.06020408163266,moyenne
1525,1620,425.0208333333333,moyenne
1385,1468,424.98367647058825,moyenne
4040,4338,424.97679999999997,moyenne
1501,1591,424.9665625,moyenne
1255,1329,424.96608695652174,moyenne
3456,3683,424.9658620689655,moyenne
143,170,424.928,moyenne
3946,4235,424.90984615384616,moyenne
193,220,424.8215625,moyenne
3469,3698,424.8194230769231,moyenne
4602,4932,424.788125,moyenne
4142,4456,424.78646153846154,moyenne
2547,2712,424.73487179487176,moyenne
4415,4743,424.7027659574468,moyenne
1672,1788,424.69239999999996,moyenne
1533,1630,424.68268292682933,moyenne
993,1059,424.68245283018865,moyenne
1924,2086,424.6714285714285,moyenne
452,485,424.66391304347826,moyenne
3089,3257,424.6556097560976,moyenne
234,261,424.61949999999996,moyenne
962,1023,424.58525,moyenne
2914,3059,424.56454545454545,moyenne
2765,2914,424.5394230769231,moyenne
828,870,424.5259016393443,moyenne
1123,1202,424.5227027027027,moyenne
1758,1899,424.5019047619047,moyenne
741,776,424.4986842105263,moyenne
2840,2981,424.48857142857145,moyenne
2300,2454,424.47941176470584,moyenne
4331,4642,424.45675,moyenne
2192,2344,424.4408510638298,moyenne
1143,1224,424.4382926829269,moyenne
2928,3076,424.4251351351351,moyenne
4004,4297,424.4166153846154,moyenne
2929,3076,424.39416666666665,moyenne
2669,2830,424.3842857142857,moyenne
4160,4469,424.3764705882353,moyenne
3010,3165,424.36262500000004,moyenne
3712,3986,424.3581690140845,moyenne
2844,2985,424.346,moyenne
3743,4004,424.33000000000004,moyenne
1263,1342,424.31619047619046,moyenne
2269,2421,424.30519999999996,moyenne
1421,1502,424.293,moyenne
2227,2376,424.2861111111111,moyenne
703,741,424.27676470588233,moyenne
3619,3880,424.2610294117647,moyenne
3237,3436,424.2466666666666,moyenne
3653,3913,424.23422222222223,moyenne
411,449,424.2266037735849,moyenne
214,242,424.2216393442623,moyenne
2423,2588,424.2033333333333,moyenne
1106,1181,424.184,moyenne
465,497,424.1795,moyenne
580,606,424.1721875,moyenne
2966,3121,424.17032786885244,moyenne
3483,3722,424.17,moyenne
1704,1838,424.1691666666666,moyenne
4426,4753,424.16588235294114,moyenne
2982,3140,424.1512,moyenne
816,855,424.1510416666667,moyenne
5,11,424.14603448275864,moyenne
1836,1995,424.1417241379311,moyenne
163,192,424.1372727272727,moyenne
2769,2917,424.13709677419354,moyenne
588,616,424.1296428571428,moyenne
3620,3881,424.12877192982455,moyenne
3130,3307,424.1080357142857,moyenne
2171,2322,424.0788888888889,moyenne
4336,4646,424.07318181818187,moyenne
2791,2933,424.04200000000003,moyenne
3945,4234,424.03849056603775,moyenne
237,265,424.0355555555556,moyenne
4465,4794,424.0308108108108,moyenne
4380,4700,424.02025316455695,moyenne
2308,2463,424.01780487804876,moyenne
1573,1670,424.0142857142857,moyenne
2959,3107,424.010375,moyenne
2424,2589,423.9913846153846,moyenne
1897,2058,423.98893617021275,moyenne
314,343,423.96761904761905,moyenne
4460,4789,423.9613793103448,moyenne
2529,2695,423.94815384615384,moyenne
2242,2388,423.9426086956522,moyenne
502,530,423.9344444444444,moyenne
2581,2748,423.93346153846153,moyenne
2566,2738,423.93025,moyenne
1594,1692,423.92911764705883,moyenne
1005,1075,423.919375,moyenne
714,751,423.9091780821918,moyenne
2207,2359,423.90675675675675,moyenne
483,509,423.9,moyenne
1568,1659,423.89756756756753,moyenne
717,754,423.89725,moyenne
1784,1932,423.8904651162791,moyenne
1601,1702,423.8791836734694,moyenne
1796,1948,423.8693548387097,moyenne
1542,1639,423.8574418604651,moyenne
1832,1993,423.8484615384615,moyenne
4647,4981,423.8458620689655,moyenne
1456,1549,423.83710526315787,moyenne
1156,1236,423.83666666666664,moyenne
2823,2962,423.81624999999997,moyenne
1153,1234,423.80685714285715,moyenne
3116,3284,423.7928,moyenne
2715,2873,423.7923333333334,moyenne
3212,3408,423.7872727272727,moyenne
2221,2370,423.75888888888886,moyenne
3601,3867,423.75399999999996,moyenne
2467,2629,423.72999999999996,moyenne
4196,4504,423.7242105263158,moyenne
815,852,423.71421052631575,moyenne
4365,4674,423.7072727272727,moyenne
3655,3915,423.69444444444446,moyenne
1265,1343,423.6887234042553,moyenne
951,1009,423.68833333333333,moyenne
4550,4892,423.6795454545454,moyenne
4187,4492,423.6794827586207,moyenne
3771,4037,423.673,moyenne
3754,4017,423.6694444444445,moyenne
1185,1261,423.65000000000003,moyenne
4049,4345,423.6412,moyenne
2397,2562,423.6363636363636,moyenne
3018,3173,423.6273134328358,moyenne
1403,1480,423.6214864864865,moyenne
1849,2008,423.60333333333335,moyenne
2330,2486,423.5932142857143,moyenne
667,699,423.5861538461538,moyenne
3557,3819,423.5796202531646,moyenne
2103,2257,423.5730909090909,moyenne
378,421,423.5728205128205,moyenne
4373,4691,423.5621212121212,moyenne
1785,1933,423.55058823529413,moyenne
3223,3421,423.5492307692308,moyenne
2319,2479,423.5373529411765,moyenne
2942,3089,423.5328260869565,moyenne
2973,3128,423.5316071428571,moyenne
480,508,423.52666666666664,moyenne
521,545,423.52246753246754,moyenne
2070,2220,423.5135714285714,moyenne
2285,2439,423.46507042253523,moyenne
1509,1600,423.4563076923077,moyenne
4625,4957,423.4368181818182,moyenne
2272,2424,423.4327906976744,moyenne
4418,4746,423.41645161290324,moyenne
2913,3058,423.3992857142857,moyenne
4016,4314,423.3987096774194,moyenne
1327,1407,423.3946875,moyenne
404,441,423.3778947368421,moyenne
3690,3965,423.37037974683545,moyenne
138,166,423.3638095238095,moyenne
4457,4788,423.3602531645569,moyenne
1273,1349,423.3573417721519,moyenne
2353,2512,423.3565384615385,moyenne
3761,4021,423.3427027027027,moyenne
294,327,423.3344117647059,moyenne
1370,1452,423.32738095238096,moyenne
2419,2586,423.3183333333333,moyenne
3308,3513,423.3181818181818,moyenne
3645,3901,423.31653846153847,moyenne
4505,4846,423.3120588235294,moyenne
2846,2988,423.2655555555556,moyenne
428,464,423.23816326530607,moyenne
768,811,423.2285106382979,moyenne
4217,4522,423.22681818181815,moyenne
1905,2066,423.2083333333333,moyenne
4433,4762,423.18951219512195,moyenne
3700,3973,423.18246153846155,moyenne
3304,3508,423.1253623188406,moyenne
3760,4021,423.1124137931034,moyenne
4192,4499,423.0848387096774,moyenne
4303,4608,423.0689393939394,moyenne
3915,4200,423.06553191489365,moyenne
3406,3627,423.06236111111116,moyenne
343,388,423.062,moyenne
1930,2091,423.0558823529412,moyenne
512,538,423.0457142857143,moyenne
4419,4746,423.0254761904762,moyenne
4435,4763,423.01434210526315,moyenne
4441,4768,423.006125,moyenne
2562,2731,422.98900000000003,moyenne
3250,3447,422.98818181818183,moyenne
606,632,422.97917808219177,moyenne
4573,4913,422.97200000000004,moyenne
1815,1968,422.9718461538461,moyenne
2013,2170,422.966,moyenne
4393,4723,422.96000000000004,moyenne
3568,3832,422.9545283018868,moyenne
4209,4515,422.94757575757575,moyenne
3407,3636,422.93921568627457,moyenne
2731,2887,422.9367441860465,moyenne
901,960,422.9328571428572,moyenne
3324,3526,422.9054054054054,moyenne
2432,2597,422.8941935483871,moyenne
2461,2619,422.8883870967742,moyenne
592,619,422.8861538461539,moyenne
1160,1240,422.8655737704918,moyenne
3138,3314,422.8548529411765,moyenne
2327,2484,422.844,moyenne
2493,2660,422.83756097560973,moyenne
3221,3419,422.83170731707315,moyenne
2453,2615,422.8101587301587,moyenne
2686,2851,422.80672131147537,moyenne
2881,3014,422.8038888888889,moyenne
3011,3166,422.7834210526316,moyenne
802,842,422.7475,moyenne
478,506,422.7419047619048,moyenne
1320,1403,422.7232307692307,moyenne
1902,2062,422.71577777777776,moyenne
491,522,422.68863636363636,moyenne
3545,3798,422.6878461538461,moyenne
4254,4558,422.6784745762712,moyenne
466,497,422.6715384615385,moyenne
137,163,422.655625,moyenne
4078,4378,422.6407272727273,moyenne
4229,4532,422.608947368421,moyenne
551,576,422.5809090909091,moyenne
318,357,422.5711111111111,moyenne
1204,1276,422.5674603174603,moyenne
1210,1279,422.56475409836065,moyenne
607,632,422.5545454545454,moyenne
850,898,422.5321794871795,moyenne
2332,2489,422.5249056603773,moyenne
4546,4888,422.5095652173913,moyenne
585,611,422.5054285714286,moyenne
4341,4652,422.4995588235294,moyenne
4299,4603,422.4888732394366,moyenne
1492,1582,422.48587301587304,moyenne
77,103,422.46338235294115,moyenne
2312,2467,422.46268656716416,moyenne
818,858,422.46216216216214,moyenne
3428,3657,422.45373333333333,moyenne
2761,2910,422.4516393442623,moyenne
1323,1405,422.44962025316454,moyenne
226,257,422.44928571428574,moyenne
1119,1198,422.44915492957745,moyenne
1729,1866,422.4472,moyenne
1846,2003,422.44698412698415,moyenne
1610,1715,422.4387755102041,moyenne
687,722,422.4188461538461,moyenne
2805,2944,422.41875,moyenne
2073,2226,422.41872727272727,moyenne
3156,3339,422.4145454545455,moyenne
358,401,422.4057352941177,moyenne
2550,2715,422.405625,moyenne
4590,4925,422.3933870967742,moyenne
1626,1735,422.3918181818181,moyenne
3009,3164,422.38274193548386,moyenne
351,395,422.37875,moyenne
2960,3108,422.37096153846153,moyenne
3075,3240,422.369756097561,moyenne
1497,1586,422.35854166666667,moyenne
3676,3946,422.34532467532466,moyenne
803,842,422.34,moyenne
284,319,422.33396226415095,moyenne
3152,3335,422.326,moyenne
1539,1634,422.2956,moyenne
2195,2348,422.2711428571429,moyenne
4386,4714,422.26814814814816,moyenne
3530,3780,422.265,moyenne
1498,1587,422.2189655172414,moyenne
1537,1634,422.2129166666667,moyenne
3412,3638,422.2128,moyenne
3461,3691,422.2038095238096,moyenne
3026,3180,422.1980487804878,moyenne
1407,1485,422.15578125,moyenne
1281,1359,422.1472727272727,moyenne
3173,3360,422.12795454545454,moyenne
3387,3605,422.1244117647059,moyenne
2753,2905,422.11551724137934,moyenne
724,756,422.1071830985916,moyenne
4461,4791,422.08576923076924,moyenne
612,639,422.03484848484845,moyenne
528,553,422.01112903225805,moyenne
486,514,422.00919999999996,moyenne
4610,4943,422.0069841269841,moyenne
820,861,421.99697674418604,moyenne
4293,4596,421.9932432432432,moyenne
833,875,421.9668571428571,moyenne
543,567,421.9641935483871,moyenne
391,433,421.95108695652175,moyenne
4488,4830,421.9007462686567,moyenne
2525,2692,421.863,moyenne
2076,2229,421.85636363636365,moyenne
3454,3680,421.85312500000003,moyenne
3289,3493,421.84297872340426,moyenne
2416,2584,421.842,moyenne
122,154,421.84,moyenne
1903,2062,421.838064516129,moyenne
4161,4471,421.8361538461538,moyenne
1979,2142,421.81131578947367,moyenne
2001,2162,421.7990909090909,moyenne
3189,3375,421.7976388888889,moyenne
1659,1771,421.79317073170733,moyenne
943,1002,421.78162162162164,moyenne
2449,2614,421.7797435897436,moyenne
3717,3989,421.7556140350877,moyenne
2261,2412,421.752,moyenne
3931,4210,421.7431818181818,moyenne
2961,3111,421.713076923077,moyenne
3448,3677,421.68227272727273,moyenne
2184,2334,421.67918032786883,moyenne
931,992,421.6635211267606,moyenne
694,730,421.6606451612903,moyenne
1328,1409,421.6502777777778,moyenne
217,244,421.61813559322036,moyenne
2292,2447,421.6145762711864,moyenne
1020,1094,421.610625,moyenne
1358,1440,421.604255319149,moyenne
3484,3723,421.5879310344827,moyenne
4113,4416,421.57300000000004,moyenne
2876,3012,421.5684210526316,moyenne
338,381,421.56297297297294,moyenne
668,700,421.561724137931,moyenne
4268,4575,421.56146341463415,moyenne
2871,3008,421.5603896103896,moyenne
44,56,421.54625,moyenne
4137,4452,421.54333333333335,moyenne
1342,1427,421.5415625,moyenne
3803,4079,421.53527777777776,moyenne
150,180,421.491875,moyenne
4632,4964,421.48794520547943,moyenne
2877,3012,421.4804166666667,moyenne
2376,2539,421.46805970149256,moyenne
4390,4721,421.4563636363636,moyenne
2345,2504,421.44899999999996,moyenne
639,672,421.4425,moyenne
1297,1375,421.44148648648644,moyenne
3709,3981,421.435974025974,moyenne
3426,3657,421.42212765957447,moyenne
532,557,421.4216666666667,moyenne
40,52,421.3884722222222,moyenne
1743,1884,421.3706818181818,moyenne
707,744,421.35050847457626,moyenne
1736,1876,421.35,moyenne
4010,4303,421.3490476190476,moyenne
3763,4025,421.345,moyenne
4421,4747,421.3281428571429,moyenne
773,816,421.3216393442623,moyenne
4648,4986,421.31857142857143,moyenne
2276,2431,421.30555555555554,moyenne
808,845,421.255,moyenne
184,212,421.2513043478261,moyenne
3648,3908,421.2493877551021,moyenne
2726,2883,421.24087499999996,moyenne
2187,2336,421.22219512195124,moyenne
392,433,421.2028378378379,moyenne
3388,3609,421.18975,moyenne
2183,2333,421.18923076923073,moyenne
2916,3065,421.1832258064516,moyenne
2527,2693,421.1825,moyenne
2130,2281,421.15775,moyenne
1792,1939,421.146875,moyenne
697,731,421.14306122448977,moyenne
1875,2035,421.1406896551724,moyenne
3459,3690,421.13529411764705,moyenne
2014,2171,421.13100000000003,moyenne
1809,1957,421.12493333333333,moyenne
3192,3377,421.1148,moyenne
272,307,421.0944736842105,moyenne
3399,3621,421.08290322580643,moyenne
4650,4988,421.0816666666667,moyenne
1799,1949,421.08,moyenne
3855,4134,421.07579710144927,moyenne
889,946,421.05654545454547,moyenne
660,689,421.0510447761194,moyenne
3623,3882,421.029,moyenne
2887,3020,421.02764705882356,moyenne
4306,4616,421.0055319148936,moyenne
45,57,421.0022580645161,moyenne
4159,4467,420.99986842105267,moyenne
2512,2684,420.99493333333334,moyenne
2536,2699,420.99290322580646,moyenne
4405,4736,420.9911363636364,moyenne
3937,4222,420.98333333333335,moyenne
4092,4390,420.9732,moyenne
2328,2485,420.96507936507936,moyenne
1287,1362,420.96324999999996,moyenne
624,656,420.9596363636363,moyenne
255,286,420.9553333333334,moyenne
2138,2297,420.94887499999993,moyenne
3404,3624,420.9409523809524,moyenne
4398,4731,420.91577777777775,moyenne
1993,2154,420.89272727272726,moyenne
1587,1684,420.88739130434783,moyenne
1251,1325,420.864328358209,moyenne
2031,2185,420.863829787234,moyenne
1975,2134,420.86064935064934,moyenne
2725,2883,420.8522222222222,moyenne
1943,2105,420.83583333333337,moyenne
1597,1697,420.822,moyenne
3767,4031,420.79482758620685,moyenne
1887,2047,420.758,moyenne
3345,3551,420.74587301587303,moyenne
2106,2264,420.7396551724138,moyenne
275,310,420.7298076923077,moyenne
731,764,420.7208695652174,moyenne
81,107,420.7181355932203,moyenne
1189,1264,420.7058064516129,moyenne
57,71,420.6947272727273,moyenne
2498,2666,420.6644827586207,moyenne
2441,2608,420.65542857142856,moyenne
2294,2451,420.64180327868854,moyenne
4492,4834,420.6330555555556,moyenne
960,1022,420.6325862068965,moyenne
4165,4475,420.6291891891892,moyenne
702,738,420.6269491525424,moyenne
2367,2523,420.6226829268292,moyenne
693,730,420.6192405063291,moyenne
369,411,420.61510204081634,moyenne
2175,2327,420.6133333333333,moyenne
1125,1205,420.6047222222222,moyenne
2231,2379,420.59213114754095,moyenne
1152,1234,420.56541666666664,moyenne
329,372,420.55875000000003,moyenne
2273,2425,420.5473684210526,moyenne
3145,3325,420.54031746031745,moyenne
1963,2123,420.5341818181818,moyenne
3072,3238,420.5321621621622,moyenne
4338,4647,420.52015151515155,moyenne
253,285,420.50750000000005,moyenne
1004,1071,420.49949367088607,moyenne
4316,4626,420.49634615384616,moyenne
3417,3644,420.49409090909086,moyenne
2027,2183,420.4838297872341,moyenne
835,880,420.47814814814814,moyenne
1569,1662,420.4760714285714,moyenne
164,195,420.4648888888888,moyenne
231,260,420.4547727272727,moyenne
1685,1813,420.4477192982456,moyenne
3478,3714,420.4195348837209,moyenne
1706,1840,420.41371794871793,moyenne
3936,4220,420.41262295081964,moyenne
4479,4818,420.4066071428571,moyenne
342,386,420.4044827586207,moyenne
1750,1890,420.3818181818182,moyenne
446,480,420.35299999999995,moyenne
3606,3870,420.3515217391304,moyenne
4361,4672,420.34636363636366,moyenne
579,603,420.34,moyenne
1140,1221,420.33684210526314,moyenne
3500,3747,420.3071428571429,moyenne
1396,1476,420.3036,moyenne
4552,4893,420.2917647058824,moyenne
2565,2737,420.29023809523807,moyenne
3438,3669,420.2896875,moyenne
2305,2457,420.2835294117647,moyenne
4200,4507,420.2703225806452,moyenne
1084,1163,420.268431372549,moyenne
4347,4658,420.2575,moyenne
4132,4447,420.25131578947367,moyenne
3732,3999,420.2372151898734,moyenne
4064,4365,420.2301960784314,moyenne
3528,3779,420.1937142857143,moyenne
2471,2632,420.1914285714286,moyenne
884,939,420.18839999999994,moyenne
3105,3274,420.18311111111115,moyenne
2096,2250,420.16855072463767,moyenne
3747,4011,420.1534210526316,moyenne
3429,3662,420.12804347826085,moyenne
2721,2877,420.10368421052635,moyenne
1161,1240,420.1035135135135,moyenne
1206,1278,420.0371666666667,moyenne
1277,1353,420.0170967741936,moyenne
597,622,420.0072727272727,moyenne
3515,3759,420.00625,moyenne
1904,2065,420.00611111111107,moyenne
1526,1620,419.99571428571426,moyenne
3759,4020,419.99212765957446,moyenne
2366,2523,419.98353846153844,moyenne
4212,4518,419.9817910447761,moyenne
3400,3623,419.97839285714286,moyenne
1909,2069,419.9688524590164,moyenne
1862,2024,419.96578947368425,moyenne
2526,2692,419.96269841269844,moyenne
4052,4348,419.95724137931035,moyenne
3229,3428,419.9521818181818,moyenne
4017,4315,419.9481012658228,moyenne
695,731,419.9455263157895,moyenne
506,532,419.94129629629634,moyenne
3802,4079,419.9081428571429,moyenne
1647,1763,419.8888372093024,moyenne
2576,2745,419.88098039215686,moyenne
2732,2887,419.88062499999995,moyenne
4402,4734,419.88029411764705,moyenne
2253,2407,419.86617021276595,moyenne
1196,1268,419.8634782608696,moyenne
553,579,419.8536585365854,moyenne
3227,3426,419.84923076923076,moyenne
4174,4485,419.8372222222222,moyenne
203,228,419.8067857142857,moyenne
1144,1225,419.78,moyenne
1742,1884,419.7788,moyenne
1765,1908,419.7781538461539,moyenne
3886,4167,419.77767857142857,moyenne
2604,2771,419.77396825396823,moyenne
2264,2415,419.77000000000004,moyenne
4639,4972,419.76671875,moyenne
1041,1116,419.74880952380954,moyenne
73,93,419.7459090909091,moyenne
1720,1855,419.7402173913043,moyenne
2693,2857,419.7357142857143,moyenne
3878,4157,419.7132352941176,moyenne
3563,3826,419.68615384615384,moyenne
2087,2243,419.6708474576271,moyenne
1343,1428,419.6497959183674,moyenne
3336,3536,419.6376712328767,moyenne
3007,3164,419.6373684210526,moyenne
888,945,419.63735849056604,moyenne
2808,2947,419.6370588235294,moyenne
934,993,419.63175,moyenne
3419,3645,419.61644067796607,moyenne
47,60,419.61037500000003,moyenne
1599,1699,419.59265625,moyenne
249,282,419.5903846153846,moyenne
1990,2152,419.59000000000003,moyenne
1505,1598,419.5863461538462,moyenne
1468,1562,419.58450000000005,moyenne
3249,3445,419.57958333333335,moyenne
2425,2591,419.57416666666666,moyenne
2837,2979,419.55649999999997,moyenne
1387,1470,419.5523287671233,moyenne
4367,4676,419.55,moyenne
3795,4070,419.5476923076923,moyenne
3238,3436,419.5339655172414,moyenne
1553,1648,419.5257142857143,moyenne
4327,4636,419.49485714285714,moyenne
1034,1110,419.4816666666667,moyenne
2764,2913,419.4801315789474,moyenne
974,1036,419.479,moyenne
807,844,419.47027777777777,moyenne
4345,4656,419.46064935064936,moyenne
2181,2332,419.4576119402985,moyenne
4491,4832,419.4425,moyenne
1811,1959,419.4369736842105,moyenne
4328,4639,419.43566666666663,moyenne
3751,4014,419.42,moyenne
4656,4998,419.41957446808516,moyenne
2750,2903,419.4184285714286,moyenne
396,436,419.3916883116883,moyenne
1872,2033,419.3878571428572,moyenne
796,836,419.3782456140351,moyenne
810,845,419.3687837837838,moyenne
3574,3836,419.3682352941176,moyenne
2657,2821,419.3645,moyenne
1232,1303,419.3415789473684,moyenne
2610,2775,419.34,moyenne
4307,4617,419.32694444444445,moyenne
3111,3281,419.32683544303796,moyenne
1422,1506,419.3225,moyenne
988,1052,419.31054054054056,moyenne
781,826,419.30075,moyenne
4502,4845,419.29833333333335,moyenne
4275,4580,419.29465753424654,moyenne
2862,3000,419.293125,moyenne
3954,4240,419.2864864864865,moyenne
1956,2117,419.2811538461538,moyenne
3064,3230,419.26649350649353,moyenne
3876,4156,419.2622857142857,moyenne
1619,1727,419.2347692307692,moyenne
4598,4931,419.2252830188679,moyenne
2675,2839,419.2241791044776,moyenne
2159,2312,419.22359375,moyenne
4529,4871,419.21405405405403,moyenne
3178,3366,419.206,moyenne
3320,3523,419.1985714285714,moyenne
3342,3540,419.1871794871795,moyenne
1982,2144,419.18434782608693,moyenne
1745,1885,419.1739534883721,moyenne
3374,3590,419.17326530612246,moyenne
2567,2739,419.17084745762713,moyenne
3552,3810,419.1704,moyenne
1972,2132,419.16802816901406,moyenne
187,213,419.16714285714284,moyenne
4164,4475,419.14306666666664,moyenne
1067,1145,419.1390625,moyenne
852,901,419.13795918367344,moyenne
323,360,419.12624999999997,moyenne
402,440,419.1191525423729,moyenne
2712,2872,419.11371428571425,moyenne
1097,1173,419.1008510638298,moyenne
3343,3545,419.09125,moyenne
4028,4327,419.0842857142857,moyenne
3118,3285,419.0612244897959,moyenne
4508,4852,419.05487179487176,moyenne
1446,1534,419.04538461538465,moyenne
1615,1722,419.0283333333333,moyenne
4103,4406,419.0222857142857,moyenne
59,72,419.01876923076924,moyenne
1065,1143,419.01876923076924,moyenne
560,585,419.01870967741934,moyenne
1612,1717,419.01750000000004,moyenne
3397,3619,419.00589743589745,moyenne
2131,2281,418.99756756756756,moyenne
61,78,418.98723076923073,moyenne
3811,4094,418.9819444444445,moyenne
4462,4792,418.9762025316456,moyenne
3783,4059,418.97051282051285,moyenne
3154,3335,418.96636363636367,moyenne
3432,3663,418.9622499999999,moyenne
1085,1163,418.9614285714286,moyenne
3341,3539,418.9411428571429,moyenne
2455,2616,418.93440000000004,moyenne
1462,1554,418.9327397260274,moyenne
2611,2777,418.89614035087715,moyenne
1817,1972,418.8883870967742,moyenne
4454,4786,418.8725,moyenne
1992,2153,418.86514285714287,moyenne
4314,4623,418.86507936507934,moyenne
4277,4582,418.8624358974359,moyenne
354,397,418.8523076923077,moyenne
3651,3911,418.8414285714286,moyenne
301,334,418.8337931034483,moyenne
42,55,418.8267647058824,moyenne
1331,1414,418.8191304347826,moyenne
4235,4541,418.7861904761905,moyenne
433,466,418.7833333333333,moyenne
202,227,418.7638888888889,moyenne
1136,1215,418.7608333333333,moyenne
2522,2690,418.7572916666666,moyenne
223,255,418.73800000000006,moyenne
1527,1624,418.73516129032254,moyenne
859,911,418.7239285714286,moyenne
1894,2056,418.7236842105263,moyenne
2884,3017,418.7183673469388,moyenne
1068,1146,418.7098571428571,moyenne
2773,2921,418.70866666666666,moyenne
2922,3069,418.697,moyenne
2142,2299,418.68986111111116,moyenne
3373,3589,418.68083333333334,moyenne
3674,3941,418.67777777777775,moyenne
2151,2304,418.6580821917808,moyenne
2875,3011,418.65357142857147,moyenne
3204,3399,418.6509756097561,moyenne
3476,3709,418.63677966101693,moyenne
499,527,418.6111538461538,moyenne
847,897,418.60714285714283,moyenne
2752,2904,418.599375,moyenne
36,47,418.5941891891892,moyenne
633,664,418.5935,moyenne
3726,3995,418.5886301369863,moyenne
2284,2439,418.5833333333333,moyenne
3110,3281,418.5804761904762,moyenne
874,927,418.54153846153844,moyenne
230,259,418.54096153846154,moyenne
1900,2061,418.5380952380952,moyenne
4123,4430,418.5313559322034,moyenne
2904,3049,418.53107142857147,moyenne
3737,4002,418.51576923076925,moyenne
4463,4792,418.50235294117647,moyenne
3378,3593,418.492,moyenne
4631,4963,418.49171428571424,moyenne
3354,3565,418.4796825396826,moyenne
4085,4382,418.4794736842105,moyenne
3088,3255,418.4664,moyenne
742,777,418.42999999999995,moyenne
449,482,418.38945454545456,moyenne
2026,2182,418.3863157894737,moyenne
4444,4771,418.3793023255814,moyenne
2434,2599,418.36756756756756,moyenne
124,155,418.3652054794521,moyenne
3519,3761,418.35519999999997,moyenne
1980,2143,418.3510344827586,moyenne
1605,1712,418.3477083333333,moyenne
2628,2791,418.3476,moyenne
1098,1173,418.33732142857144,moyenne
1941,2103,418.3355172413793,moyenne
1529,1624,418.3314285714286,moyenne
3207,3404,418.326875,moyenne
1747,1886,418.3103389830509,moyenne
564,590,418.2426666666667,moyenne
3284,3487,418.23285714285714,moyenne
3944,4234,418.22875000000005,moyenne
476,506,418.2276595744681,moyenne
96,122,418.2215789473684,moyenne
316,349,418.1783823529412,moyenne
324,361,418.1751428571428,moyenne
2289,2445,418.16615384615386,moyenne
1863,2024,418.1633333333333,moyenne
4522,4865,418.16236363636364,moyenne
4431,4761,418.12666666666667,moyenne
1371,1454,418.1226923076923,moyenne
23,34,418.12111111111113,moyenne
2154,2306,418.11805555555554,moyenne
4110,4414,418.11499999999995,moyenne
831,873,418.1073684210526,moyenne
4182,4490,418.08462499999996,moyenne
4225,4530,418.0773469387755,moyenne
4318,4629,418.06733333333335,moyenne
2587,2753,418.05550000000005,moyenne
3427,3657,418.04493333333335,moyenne
3330,3532,418.0346666666667,moyenne
1585,1683,418.02523076923075,moyenne
146,174,418.00430555555556,moyenne
829,870,417.9948484848485,moyenne
1912,2074,417.98878787878783,moyenne
1914,2078,417.9886363636364,moyenne
1538,1634,417.9860294117647,moyenne
2591,2756,417.98425925925926,moyenne
1099,1174,417.9736842105263,moyenne
1688,1817,417.9675,moyenne
39,51,417.9618518518518,moyenne
118,147,417.95705882352945,moyenne
1102,1176,417.92411764705884,moyenne
1401,1477,417.92326086956524,moyenne
2331,2486,417.85957746478874,moyenne
3905,4187,417.85127659574465,moyenne
492,523,417.8455714285714,moyenne
1766,1908,417.84220588235297,moyenne
924,982,417.8251851851852,moyenne
2740,2892,417.8247826086956,moyenne
1345,1428,417.82307692307694,moyenne
1188,1263,417.81529411764706,moyenne
589,617,417.81403508771933,moyenne
1739,1881,417.786,moyenne
1932,2092,417.76701492537313,moyenne
4515,4860,417.76671232876714,moyenne
2254,2407,417.7409259259259,moyenne
3560,3820,417.71709090909087,moyenne
2891,3029,417.71575757575755,moyenne
1783,1931,417.71374999999995,moyenne
4101,4404,417.71000000000004,moyenne
2282,2437,417.7095652173913,moyenne
3677,3947,417.70666666666665,moyenne
1546,1642,417.7053846153846,moyenne
840,882,417.65074999999996,moyenne
1816,1968,417.6346666666667,moyenne
3682,3955,417.62961538461536,moyenne
3920,4203,417.6223076923077,moyenne
984,1047,417.6166666666667,moyenne
4452,4783,417.607027027027,moyenne
1651,1767,417.5914492753623,moyenne
4035,4335,417.5904545454545,moyenne
2164,2315,417.5846268656717,moyenne
182,208,417.57596491228065,moyenne
2188,2336,417.5641666666667,moyenne
2448,2612,417.56175438596495,moyenne
3900,4179,417.5551666666667,moyenne
4517,4860,417.5422857142857,moyenne
3326,3529,417.51290322580644,moyenne
395,435,417.51178571428574,moyenne
1074,1149,417.4696,moyenne
2229,2377,417.46534246575345,moyenne
2316,2470,417.4614492753623,moyenne
4242,4548,417.46124999999995,moyenne
4593,4927,417.44216666666665,moyenne
902,961,417.4331481481481,moyenne
969,1032,417.40776315789475,moyenne
1321,1405,417.37487179487175,moyenne
3893,4172,417.37448979591835,moyenne
700,737,417.3644444444445,moyenne
4599,4931,417.3636585365854,moyenne
1046,1122,417.3579746835443,moyenne
457,491,417.3558823529412,moyenne
1237,1310,417.33808510638295,moyenne
744,780,417.3332307692308,moyenne
3879,4159,417.31454545454545,moyenne
1249,1324,417.31354166666665,moyenne
2996,3153,417.306,moyenne
866,919,417.30086206896556,moyenne
3411,3638,417.2970588235294,moyenne
650,685,417.281403508772,moyenne
2843,2985,417.2726666666667,moyenne
4100,4404,417.27119402985073,moyenne
590,617,417.2692857142857,moyenne
2777,2923,417.267962962963,moyenne
3468,3697,417.26666666666665,moyenne
3455,3681,417.261935483871,moyenne
3494,3743,417.22255319148934,moyenne
965,1028,417.2218181818182,moyenne
1259,1331,417.2123333333333,moyenne
2638,2798,417.20278481012656,moyenne
1625,1733,417.19714285714286,moyenne
195,221,417.1895238095238,moyenne
1810,1957,417.1867213114754,moyenne
2280,2434,417.18199999999996,moyenne
4050,4345,417.1805357142857,moyenne
3060,3227,417.17692307692306,moyenne
3543,3798,417.1608695652174,moyenne
3169,3358,417.1513636363636,moyenne
3808,4087,417.14971830985917,moyenne
1448,1535,417.1468888888889,moyenne
1514,1605,417.1452,moyenne
2999,3155,417.1375949367089,moyenne
183,209,417.1337931034482,moyenne
4222,4527,417.1332,moyenne
1580,1679,417.1331034482759,moyenne
1822,1979,417.13,moyenne
4427,4753,417.12825000000004,moyenne
684,720,417.09797297297297,moyenne
3063,3229,417.0911290322581,moyenne
1054,1131,417.08065573770494,moyenne
2173,2324,417.06844827586207,moyenne
1571,1668,417.066875,moyenne
3048,3208,417.0566666666667,moyenne
3722,3992,417.0521428571428,moyenne
1916,2080,417.0427272727273,moyenne
3611,3872,417.0423376623376,moyenne
3420,3648,417.0316279069768,moyenne
1434,1522,417.0295833333334,moyenne
3844,4125,417.01687499999997,moyenne
511,535,417.01145454545457,moyenne
1110,1182,417.0049152542373,moyenne
1317,1393,417.0023684210526,moyenne
3460,3691,416.98842105263157,moyenne
2061,2213,416.9662295081967,moyenne
2965,3117,416.9617105263158,moyenne
2816,2956,416.9585074626866,moyenne
3671,3938,416.91173333333336,moyenne
1246,1322,416.8773015873016,moyenne
2107,2264,416.87727272727267,moyenne
4134,4448,416.8753571428571,moyenne
2838,2979,416.85872340425533,moyenne
3942,4231,416.8546666666667,moyenne
1502,1591,416.84499999999997,moyenne
2465,2625,416.8323188405797,moyenne
3129,3303,416.8168518518519,moyenne
2701,2865,416.7884210526316,moyenne
3270,3473,416.78542372881356,moyenne
3985,4278,416.760303030303,moyenne
949,1007,416.7502222222222,moyenne
3034,3190,416.73648148148146,moyenne
4337,4647,416.7335185185185,moyenne
34,42,416.692,moyenne
4551,4893,416.678,moyenne
3892,4172,416.6670454545454,moyenne
1994,2154,416.6567605633803,moyenne
2341,2497,416.64815789473687,moyenne
1725,1860,416.602,moyenne
793,833,416.60015873015874,moyenne
2794,2934,416.5882051282051,moyenne
797,837,416.585945945946,moyenne
2893,3029,416.5667213114754,moyenne
4575,4913,416.54387096774195,moyenne
3912,4198,416.5175,moyenne
1304,1383,416.5151948051948,moyenne
4618,4948,416.512962962963,moyenne
3113,3283,416.495641025641,moyenne
1299,1376,416.48839999999996,moyenne
67,88,416.4851219512195,moyenne
1176,1254,416.47592592592594,moyenne
307,337,416.4553191489362,moyenne
2108,2266,416.4331506849315,moyenne
2505,2676,416.4278947368421,moyenne
1699,1829,416.4129411764706,moyenne
3723,3993,416.4045283018868,moyenne
3070,3235,416.4027397260274,moyenne
1709,1843,416.39982142857144,moyenne
3068,3232,416.3882142857143,moyenne
3604,3869,416.388125,moyenne
125,155,416.3776923076923,moyenne
1893,2053,416.34787878787876,moyenne
2932,3078,416.3377083333333,moyenne
2737,2890,416.2976623376623,moyenne
479,507,416.28428571428566,moyenne
2951,3100,416.27462962962966,moyenne
219,247,416.2630882352941,moyenne
1507,1598,416.24695652173915,moyenne
649,683,416.2338461538462,moyenne
2335,2490,416.22068493150687,moyenne
262,295,416.1985714285714,moyenne
1787,1935,416.18458333333336,moyenne
2874,3009,416.15749999999997,moyenne
2185,2335,416.1574647887324,moyenne
4214,4519,416.14758620689656,moyenne
2532,2698,416.14166666666665,moyenne
1661,1772,416.1175471698113,moyenne
3477,3713,416.11442857142856,moyenne
1966,2126,416.08127272727273,moyenne
3738,4002,416.0684905660378,moyenne
2322,2480,416.03120689655174,moyenne
2028,2184,415.9990322580645,moyenne
2722,2878,415.99683333333337,moyenne
4257,4563,415.97051282051285,moyenne
910,968,415.9559375,moyenne
415,451,415.9557894736842,moyenne
3752,4015,415.9485714285714,moyenne
1986,2146,415.944875,moyenne
4177,4488,415.94390625,moyenne
213,241,415.9328787878788,moyenne
1332,1414,415.88983333333334,moyenne
421,457,415.8865217391304,moyenne
225,257,415.8518965517241,moyenne
4497,4839,415.84873417721525,moyenne
3413,3639,415.8422950819672,moyenne
2639,2801,415.8374647887324,moyenne
2287,2443,415.82863636363635,moyenne
2105,2264,415.8279220779221,moyenne
3294,3496,415.8269491525424,moyenne
3044,3206,415.7891428571429,moyenne
1921,2083,415.78541666666666,moyenne
350,393,415.7683870967742,moyenne
344,388,415.7506451612903,moyenne
147,177,415.7480769230769,moyenne
873,926,415.72360000000003,moyenne
3976,4263,415.68964912280705,moyenne
914,970,415.6666666666667,moyenne
933,993,415.6381818181818,moyenne
3364,3577,415.6221276595745,moyenne
274,310,415.60315789473685,moyenne
3232,3432,415.59846153846155,moyenne
3032,3188,415.5858181818182,moyenne
1341,1427,415.5804166666667,moyenne
985,1048,415.57513513513516,moyenne
1053,1130,415.57385964912277,moyenne
3121,3292,415.56,moyenne
4258,4564,415.5540816326531,moyenne
4445,4772,415.54027027027024,moyenne
2606,2772,415.5335,moyenne
3731,3999,415.51878787878786,moyenne
1275,1352,415.508552631579,moyenne
3441,3671,415.5062222222222,moyenne
1958,2118,415.5027397260274,moyenne
1884,2045,415.5026470588235,moyenne
1431,1519,415.49368421052634,moyenne
3871,4150,415.457,moyenne
3348,3555,415.4552777777778,moyenne
1673,1792,415.4521875,moyenne
2533,2698,415.4373809523809,moyenne
1748,1888,415.4155714285714,moyenne
278,313,415.40327868852455,moyenne
1116,1192,415.37894736842105,moyenne
3445,3676,415.3311538461539,moyenne
1271,1349,415.31265306122447,moyenne
2063,2217,415.30470588235295,moyenne
3873,4151,415.30403508771934,moyenne
782,826,415.2755263157895,moyenne
459,492,415.25118421052633,moyenne
4557,4896,415.24897435897435,moyenne
4009,4303,415.2415384615385,moyenne
3168,3356,415.2366666666667,moyenne
3786,4063,415.21578947368425,moyenne
161,190,415.1923636363636,moyenne
3891,4170,415.18934210526317,moyenne
434,467,415.18394366197185,moyenne
1013,1085,415.1824137931035,moyenne
1334,1417,415.17310344827587,moyenne
91,118,415.1581967213115,moyenne
4060,4359,415.04568627450976,moyenne
4136,4452,415.0416417910448,moyenne
2174,2325,415.0281967213115,moyenne
4238,4543,414.9993333333333,moyenne
548,573,414.9848,moyenne
4555,4895,414.9746428571429,moyenne
2563,2734,414.9386206896551,moyenne
775,819,414.9343396226415,moyenne
3295,3496,414.92013157894735,moyenne
356,398,414.9108,moyenne
1150,1233,414.8852631578947,moyenne
4210,4516,414.88178571428574,moyenne
534,559,414.87638888888887,moyenne
2698,2862,414.86733333333336,moyenne
3054,3220,414.86181818181814,moyenne
3125,3297,414.85318181818184,moyenne
3361,3575,414.84999999999997,moyenne
3267,3471,414.84909090909093,moyenne
2315,2469,414.82311475409836,moyenne
1360,1442,414.8036666666667,moyenne
573,600,414.80249999999995,moyenne
3028,3183,414.7972727272727,moyenne
880,934,414.77864864864864,moyenne
4549,4892,414.76623188405796,moyenne
4185,4491,414.76616666666666,moyenne
4089,4386,414.7644736842105,moyenne
3463,3693,414.76375,moyenne
4635,4967,414.7114754098361,moyenne
3565,3830,414.7080555555556,moyenne
4261,4568,414.66049999999996,moyenne
3300,3503,414.6434210526316,moyenne
2098,2252,414.637,moyenne
2535,2699,414.63651515151514,moyenne
2263,2413,414.59093333333334,moyenne
614,643,414.58500000000004,moyenne
927,986,414.54896103896107,moyenne
2048,2197,414.54285714285714,moyenne
3372,3587,414.5184,moyenne
3186,3374,414.51750000000004,moyenne
2437,2605,414.505,moyenne
1944,2106,414.495625,moyenne
1857,2017,414.492,moyenne
288,323,414.4610256410256,moyenne
3244,3443,414.45718750000003,moyenne
2239,2385,414.44126760563375,moyenne
1348,1432,414.4388333333334,moyenne
4560,4897,414.43485714285714,moyenne
4451,4781,414.42519480519485,moyenne
2716,2874,414.3883783783784,moyenne
2832,2976,414.3646153846154,moyenne
2178,2330,414.3489189189189,moyenne
1794,1941,414.3421052631579,moyenne
2283,2437,414.3177777777778,moyenne
1508,1599,414.2956923076923,moyenne
2631,2792,414.2791935483871,moyenne
2601,2768,414.2690909090909,moyenne
4197,4504,414.26471698113204,moyenne
3952,4238,414.2553125,moyenne
4166,4477,414.21461538461534,moyenne
1458,1551,414.1832432432433,moyenne
1186,1263,414.1736363636364,moyenne
628,658,414.1510810810811,moyenne
4645,4981,414.14966666666663,moyenne
4322,4633,414.08813559322033,moyenne
625,656,414.07919999999996,moyenne
2329,2485,414.0504225352113,moyenne
1790,1938,414.03037037037035,moyenne
4430,4760,414.0268181818182,moyenne
4083,4381,414.0242465753425,moyenne
76,103,414.008,moyenne
4443,4770,413.95057971014495,moyenne
4453,4785,413.93450980392157,moyenne
2004,2164,413.93071428571426,moyenne
3346,3553,413.92249999999996,moyenne
4484,4824,413.915625,moyenne
442,477,413.84596153846155,moyenne
1929,2091,413.80861111111113,moyenne
890,947,413.8016666666667,moyenne
2847,2988,413.8001694915254,moyenne
1757,1897,413.7791666666667,moyenne
1044,1120,413.71352941176474,moyenne
968,1031,413.61790697674417,moyenne
2969,3123,413.5665517241379,moyenne
3162,3352,413.4935483870967,moyenne
4420,4747,413.4564864864865,moyenne
780,824,413.450243902439,moyenne
4519,4863,413.4471794871795,moyenne
4432,4761,413.4434328358209,moyenne
172,201,413.4030666666667,moyenne
1315,1393,413.3823880597015,moyenne
1135,1212,413.368,moyenne
1827,1985,413.3629487179487,moyenne
3884,4165,413.3566666666667,moyenne
3720,3991,413.35315789473685,moyenne
3966,4255,413.32708333333335,moyenne
1162,1240,413.29,moyenne
4295,4597,413.28714285714284,moyenne
1733,1871,413.23636363636365,moyenne
4572,4912,413.1977777777778,moyenne
504,532,413.1272881355932,moyenne
3040,3201,413.09662162162164,moyenne
2530,2695,413.0527083333333,moyenne
2194,2345,413.05102040816325,moyenne
2829,2966,413.0508108108108,moyenne
282,318,413.01982758620693,moyenne
3205,3400,413.00176470588235,moyenne
3331,3532,412.9901639344263,moyenne
500,528,412.97653846153844,moyenne
1808,1956,412.9720930232558,moyenne
3757,4019,412.96328358208956,moyenne
2697,2861,412.95131578947365,moyenne
1355,1439,412.937,moyenne
940,998,412.93390625,moyenne
2972,3128,412.9108,moyenne
1058,1137,412.9085964912281,moyenne
3467,3696,412.8941025641026,moyenne
771,815,412.8856338028169,moyenne
635,665,412.85795454545456,moyenne
2149,2303,412.848875,moyenne
1951,2114,412.7659677419355,moyenne
3195,3380,412.70937499999997,moyenne
3836,4119,412.70086956521743,moyenne
2895,3032,412.67338461538463,moyenne
3617,3877,412.62511111111115,moyenne
712,748,412.61179487179487,moyenne
1311,1388,412.547380952381,moyenne
2362,2521,412.54630136986304,moyenne
1860,2022,412.51,moyenne
4141,4455,412.47766666666666,moyenne
3165,3353,412.46166666666664,moyenne
2878,3013,412.4554545454546,moyenne
2217,2367,412.3883333333333,moyenne
3219,3418,412.35967741935485,moyenne
1270,1348,412.34590909090906,moyenne
4369,4683,412.3353488372093,moyenne
4058,4357,412.3352830188679,moyenne
1820,1978,412.3342857142857,moyenne
864,918,412.2730508474576,moyenne
578,603,412.2476923076923,moyenne
2801,2941,412.1625,moyenne
817,856,412.11583333333334,moyenne
3589,3849,412.1025,moyenne
779,824,412.0933333333333,moyenne
4157,4464,412.0759090909091,moyenne
2955,3105,412.0705882352941,moyenne
2890,3026,411.99263157894734,moyenne
2655,2820,411.9908571428571,moyenne
3038,3200,411.9864285714286,moyenne
2660,2825,411.96945205479454,moyenne
4315,4624,411.9449122807018,moyenne
3210,3406,411.9144285714286,moyenne
3275,3476,411.9057142857143,moyenne
1520,1609,411.8852631578947,moyenne
4243,4549,411.8734482758621,moyenne
374,416,411.846976744186,moyenne
1540,1635,411.845,moyenne
3126,3299,411.8197183098592,moyenne
1283,1360,411.76875,moyenne
591,617,411.766037735849,moyenne
3473,3704,411.7237837837838,moyenne
4378,4698,411.6875862068966,moyenne
1878,2039,411.66354838709674,moyenne
3172,3359,411.6562790697675,moyenne
4616,4946,411.6088888888889,moyenne
3715,3987,411.601,moyenne
729,763,411.5865,moyenne
2426,2591,411.555,moyenne
3037,3199,411.536625,moyenne
3764,4025,411.5348888888889,moyenne
1092,1167,411.47609756097563,moyenne
3307,3511,411.45394736842104,moyenne
1048,1125,411.4247826086957,moyenne
2789,2932,411.4226582278481,moyenne
594,620,411.41,moyenne
3256,3452,411.40090909090907,moyenne
3335,3535,411.346,moyenne
2339,2494,411.327,moyenne
3793,4068,411.3222807017544,moyenne
1779,1928,411.3107142857143,moyenne
2055,2206,411.25559999999996,moyenne
4105,4409,411.24692307692305,moyenne
2786,2930,411.24553191489366,moyenne
556,581,411.23199999999997,moyenne
2953,3104,411.19,moyenne
2797,2939,411.1678787878788,moyenne
2674,2838,411.16052631578947,moyenne
2582,2748,411.14326923076925,moyenne
4215,4519,411.13461538461536,moyenne
4584,4922,411.1293333333333,moyenne
947,1006,411.0895348837209,moyenne
2458,2618,411.0169863013699,moyenne
1824,1981,410.9335294117647,moyenne
2018,2174,410.92875,moyenne
547,572,410.87055555555554,moyenne
3022,3176,410.86533333333335,moyenne
3314,3520,410.85941176470584,moyenne
2813,2952,410.8165079365079,moyenne
1126,1206,410.77026315789476,moyenne
151,180,410.7448780487805,moyenne
4381,4700,410.665,moyenne
2848,2989,410.63,moyenne
3578,3840,410.5281818181818,moyenne
2963,3115,410.5203571428571,moyenne
2326,2483,410.4839130434783,moyenne
210,238,410.4708333333333,moyenne
305,336,410.4464814814815,moyenne
3215,3411,410.4458928571429,moyenne
1148,1230,410.43555555555554,moyenne
3302,3507,410.3755,moyenne
1593,1691,410.3567567567568,moyenne
2514,2685,410.328,moyenne
1665,1780,410.21750000000003,moyenne
1390,1471,410.2075,moyenne
1335,1418,410.17782608695654,moyenne
654,687,410.1227777777778,moyenne
2984,3141,410.0927272727273,moyenne
3918,4202,409.99,moyenne
243,277,409.9372972972973,moyenne
3492,3735,409.89937499999996,moyenne
3247,3444,409.86526315789473,moyenne
4359,4671,409.82729166666667,moyenne
3230,3431,409.755652173913,moyenne
3750,4013,409.74090909090904,moyenne
998,1065,409.7213333333333,moyenne
2543,2708,409.68815789473683,moyenne
4221,4527,409.6525490196078,moyenne
2337,2492,409.62921875,moyenne
2934,3079,409.61610169491524,moyenne
1213,1283,409.4913888888889,moyenne
1025,1100,409.48,moyenne
2152,2304,409.43660000000006,moyenne
2038,2191,409.42333333333335,moyenne
596,620,409.2211111111111,moyenne
1840,1998,409.0840322580645,moyenne
3762,4023,409.0778666666667,moyenne
2828,2966,409.06936507936507,moyenne
3240,3437,409.04714285714283,moyenne
1344,1428,408.9976923076923,moyenne
1449,1536,408.99600000000004,moyenne
3841,4123,408.9133333333333,moyenne
69,90,408.90763157894736,moyenne
555,580,408.89382352941175,moyenne
794,834,408.815,moyenne
2981,3138,408.8044827586207,moyenne
1819,1977,408.73285714285714,moyenne
626,657,408.6461538461538,moyenne
4116,4419,408.46750000000003,moyenne
3490,3734,408.39523809523814,moyenne
2976,3132,408.2882352941176,moyenne
22,34,408.27241379310345,moyenne
4148,4459,408.23629629629636,moyenne
788,828,408.06333333333333,moyenne
2016,2172,408.054,moyenne
4286,4591,408.0442105263158,moyenne
1244,1318,408.041,moyenne
860,911,407.9708163265306,moyenne
121,154,407.94489361702125,moyenne
4574,4913,407.9133333333333,moyenne
1452,1539,407.86703703703705,moyenne
3337,3536,407.85145161290325,moyenne
424,460,407.75399999999996,moyenne
1474,1569,407.7190697674418,moyenne
3822,4104,407.65,moyenne
58,71,407.5640909090909,moyenne
1965,2125,407.54347826086956,moyenne
2418,2586,407.53145161290325,moyenne
3523,3771,407.49133333333333,moyenne
2853,2991,407.4832,moyenne
325,362,407.4316981132076,moyenne
1807,1955,407.37936507936513,moyenne
1754,1893,407.249375,moyenne
3949,4236,407.2256,moyenne
3510,3756,407.14428571428573,moyenne
4152,4460,407.104,moyenne
953,1010,407.04365384615386,moyenne
4571,4911,406.83214285714286,moyenne
2788,2931,406.61999999999995,moyenne
4146,4458,406.601,moyenne
736,771,406.33299999999997,moyenne
3774,4045,406.302,moyenne
4012,4308,406.108,moyenne
568,594,406.037,moyenne
2849,2989,406.007619047619,moyenne
1423,1507,405.65485714285717,moyenne
3935,4220,405.6527272727273,moyenne
4651,4990,405.49346153846153,moyenne
14,27,405.46571428571434,moyenne
4592,4926,405.4517647058824,moyenne
1001,1070,405.43727272727267,moyenne
2733,2888,405.41818181818184,moyenne
4061,4360,405.0842857142857,moyenne
3580,3843,404.929375,moyenne
3826,4110,404.8453333333334,moyenne
3787,4063,404.4526315789474,moyenne
488,514,404.41148148148153,moyenne
2491,2655,404.3514285714286,moyenne
3538,3789,404.34826086956525,moyenne
229,258,404.33222222222224,moyenne
571,597,404.2679069767442,moyenne
2523,2691,402.84999999999997,moyenne
1366,1448,402.7019230769231,moyenne
2886,3019,402.69714285714286,moyenne
2112,2268,401.4938235294117,moyenne
4216,4520,400.98285714285714,moyenne
2745,2897,400.73411764705884,moyenne
1208,1278,400.7075,moyenne
3416,3642,400.4872222222223,moyenne
1763,1904,398.4662162162162,faible
2821,2958,398.03363636363633,faible
3654,3915,397.7937837837838,faible
1157,1239,397.76666666666665,faible
3273,3474,397.2189655172414,faible
3056,3224,394.6454545454546,faible
567,593,390.733,faible
